title,description,length,song,viewCount,publishedAt,url
Talkloids be like: The broken toaster (Meloloid) #vocaloid #talkloid #mmd,"Chis-A not looking good today, sorry.

Credits:
Kasane Teto SV: https://mikumikudance.fandom.com/wiki/Teto_Kasane_SynthV_(Jomomonogm)
Chis-a: https://www.deviantart.com/pikadude31451/art/MMD-Chis-a-Model-download-963279292
Miku: TDA
Toaster: https://www.turbosquid.com/3d-models/toaster-3d-model-1860192

Made with Blender.

Any donation (https://ko-fi.com/electronmiku) would be highly appreciated. My dream is to make a living off of creativity.
u can also get 5% off of Voicemod through this link https://link.xsolla.com/p2cK5Uja 
or use the promocode: ELECTRONMIKU
i will earn 15% of the revenue share!

DISCORD 
https://discord.gg/TTD6R468hJ",0.45 minutes,Unknown,9651109,2024-08-28T10:56:25Z,https://www.youtube.com/watch?v=cuYRPt85vpY
MELOLOID: No Vitamins! #talkloid  #vocaloid  #meloloid #mmd  #blender  #miku,"Sorry for what looks like lower quality than the recent episodes, I'm still trying new things. oh but everyone's textures are fixed yay!!

Credits:
Kasane Teto SV: https://mikumikudance.fandom.com/wiki/Teto_Kasane_SynthV_(Jomomonogm)
Chis-a: https://www.deviantart.com/pikadude31451/art/MMD-Chis-a-Model-download-963279292
Miku: TDA
Pipeb0mb: https://shorturl.at/R5x8Q (i know the link seems sus, but it's real lol)
Store: https://www.deviantart.com/steeldolls/art/Interactive-Hee-Ho-Mart-Stage-Edit-3-4-MMD-DL-833127037

Made with Blender.

Any donation (https://ko-fi.com/electronmiku) would be highly appreciated. My dream is to make a living off of creativity.
u can also get 5% off of Voicemod through this link https://link.xsolla.com/p2cK5Uja 
or use the promocode: ELECTRONMIKU
i will earn 15% of the revenue share!

DISCORD 
https://discord.gg/TTD6R468hJ",0.33 minutes,Unknown,7315548,2024-09-06T20:38:24Z,https://www.youtube.com/watch?v=gzandMquvNU
MELOLOID: Teto Is Hungry #talkloid  #vocaloid  #meloloid #mmd  #blender  #miku,"legends say teto is still hungry

Credits:
------------------------------
Kasane Teto SV: https://mikumikudance.fandom.com/wiki/Teto_Kasane_SynthV_(Jomomonogm)
Chis-a: https://www.deviantart.com/pikadude31451/art/MMD-Chis-a-Model-download-963279292
Miku: TDA

stage: https://www.deviantart.com/mmd3dcgparts/art/MMD-Stage-38-485901077

burger: https://www.cgtrader.com/free-3d-models/food/vegetable/stylized-burger-45d51d8c-5836-4252-8b16-8a2d446cb7a9
------------------------------

Made with Blender.

Any donation (https://ko-fi.com/electronmiku) would be highly appreciated. My dream is to make a living off of creativity.
u can also get 5% off of Voicemod through this link https://link.xsolla.com/p2cK5Uja 
or use the promocode: ELECTRONMIKU
i will earn 15% of the revenue share!

DISCORD 
https://discord.gg/TTD6R468hJ",0.37 minutes,Unknown,6723857,2024-09-17T17:35:02Z,https://www.youtube.com/watch?v=PhF31we32E0
MELOLOID: 10 minutes #talkloid  #vocaloid  #meloloid #mmd  #blender  #miku,"I thought i fixed Chis-a's face damnit. The compositing doesn't work when i render in blender DAMNIIIII-

Credits:
Kasane Teto SV: https://mikumikudance.fandom.com/wiki/Teto_Kasane_SynthV_(Jomomonogm)
Chis-a: https://www.deviantart.com/pikadude31451/art/MMD-Chis-a-Model-download-963279292
Miku: TDA

train station: https://sketchfab.com/3d-models/train-station-f85779e5ced14db892c2c4a1d01eefc7

soda can: https://sketchfab.com/3d-models/simple-cola-can-aaa11e57064848268d701a3586792d0d

train: https://sketchfab.com/3d-models/train-low-poly-6a923ccf018b4f529732a0690664977e

Made with Blender.

Any donation (https://ko-fi.com/electronmiku) would be highly appreciated. My dream is to make a living off of creativity.
u can also get 5% off of Voicemod through this link https://link.xsolla.com/p2cK5Uja 
or use the promocode: ELECTRONMIKU
i will earn 15% of the revenue share!

DISCORD 
https://discord.gg/TTD6R468hJ",0.37 minutes,Unknown,5758496,2024-09-10T20:51:48Z,https://www.youtube.com/watch?v=AG5_eLjxyxo
ã€Genshin Impact MMDï¼4Kï¼60FPSã€‘Hu Taoï¼ŒFurina,#genshinimpact #MMD #HuTao #åŸç¥MMD #èƒ¡æ¡ƒ #ì›ì‹  #åŸç¥#ì›ì‹ MMD ##Furina #Focalors #í‘¸ë¦¬ë‚˜ #í¬ì¹¼ë¡œìŠ¤ #ãƒ•ãƒªãƒ¼ãƒŠ #ãƒ•ã‚©ã‚«ãƒ­ãƒ«ã‚¹,0.18 minutes,Unknown,5582631,2024-04-07T13:35:03Z,https://www.youtube.com/watch?v=kNCV8Y3sUb4
ã€MMDã€‘ãƒ¡ã‚ºãƒãƒ©ã‚¤ã‚¶ãƒ¼ #vocaloid #mmd #animation #miku #teto #mesmerizer #channel #åˆéŸ³ãƒŸã‚¯ #é‡éŸ³ãƒ†ãƒˆ #ãƒ¡ã‚ºãƒãƒ©ã‚¤ã‚¶ãƒ¼ #shorts,"ğŸ¦Š---------------------------------ğŸ¦Š
ã€MOTIONã€‘
AntoneEw
ã€CAMERAã€‘
AntoneEw
ã€MODELã€‘
HatsuneDkaname
ã€PV KITã€‘
Mea
ã€MUSICã€‘
ãƒ¡ã‚ºãƒãƒ©ã‚¤ã‚¶ãƒ¼ feat. åˆéŸ³ãƒŸã‚¯ & é‡éŸ³ãƒ†ãƒˆ",0.35 minutes,Unknown,4803782,2024-05-25T10:01:59Z,https://www.youtube.com/watch?v=lVfCjaSAvK0
MELOLOID: The Delayed Bus #talkloid #vocaloid #meloloid #mmd #blender #miku,"Fixed the textures! ...kinda. im still having problems lol.

Credits:
Kasane Teto SV: https://mikumikudance.fandom.com/wiki/Teto_Kasane_SynthV_(Jomomonogm)
Chis-a: https://www.deviantart.com/pikadude31451/art/MMD-Chis-a-Model-download-963279292
Miku: TDA
bus: https://www.turbosquid.com/3d-models/bus-station-3d-model-1563079

Made with Blender.

Any donation (https://ko-fi.com/electronmiku) would be highly appreciated. My dream is to make a living off of creativity.
u can also get 5% off of Voicemod through this link https://link.xsolla.com/p2cK5Uja 
or use the promocode: ELECTRONMIKU
i will earn 15% of the revenue share!

DISCORD 
https://discord.gg/TTD6R468hJ",0.35 minutes,Unknown,3996127,2024-09-01T22:39:36Z,https://www.youtube.com/watch?v=-GNo9TVw7dk
MELOLOID: Electron's Project #talkloid  #vocaloid  #meloloid #mmd  #blender  #miku,"It's gonna take some time.
https://youtu.be/Jz1_3Fm5yvo

Credits:
------------------------------
Kasane Teto SV: https://mikumikudance.fandom.com/wiki/Teto_Kasane_SynthV_(Jomomonogm)
Chis-a: https://www.deviantart.com/pikadude31451/art/MMD-Chis-a-Model-download-963279292
Miku: TDA

road: https://www.cgtrader.com/3d-model/road-types
car: ripped from the game ""Distance""
------------------------------
Made with Blender.

Any donation (https://ko-fi.com/electronmiku) would be highly appreciated. My dream is to make a living off of creativity.
u can also get 5% off of Voicemod through this link https://link.xsolla.com/p2cK5Uja 
or use the promocode: ELECTRONMIKU
i will earn 15% of the revenue share!

DISCORD 
https://discord.gg/TTD6R468hJ",0.37 minutes,Unknown,3194580,2024-09-13T19:39:18Z,https://www.youtube.com/watch?v=dwwMFcX3O9c
channel style miku#vocaloid #RabbitHole #mmd #miku #deco27 #anime #animation #åˆéŸ³ãƒŸã‚¯ #ãƒ©ãƒ“ãƒƒãƒˆãƒ›ãƒ¼ãƒ«,"ğŸ¦Š---------------------------------ğŸ¦Š
ã€MOTIONã€‘
DIBU_BUUU
ã€CAMERAã€‘
DIBU_BUUU
ã€MODELã€‘
Dani-Periapsis
æ”¹é€ /ç»‘éª¨ï¼šæ ‘å“¥BigTree
åˆšä½“/è’™çš®ï¼šæ ‘å“¥BigTree
ã€MUSICã€‘
DECO*27 - ãƒ©ãƒ“ãƒƒãƒˆãƒ›ãƒ¼ãƒ« feat. åˆéŸ³ãƒŸã‚¯",0.23 minutes,Unknown,2452437,2024-04-13T17:30:37Z,https://www.youtube.com/watch?v=8XlojmRPwdo
MELOLOID: The Ice Cream Machine #talkloid  #vocaloid  #meloloid #mmd  #blender  #miku,"omg imagine continuity?

Credits:
Kasane Teto SV: https://mikumikudance.fandom.com/wiki/Teto_Kasane_SynthV_(Jomomonogm)
Chis-a: https://www.deviantart.com/pikadude31451/art/MMD-Chis-a-Model-download-963279292
Miku: TDA
Pipeb0mb: https://shorturl.at/R5x8Q (i know the link seems sus, but it's real lol)
Stage: https://www.deviantart.com/steeldolls/art/Interactive-McDonalds-Stage-1-01-MMD-DL-861014005
Robot: https://www.deviantart.com/chestnutscoop/art/MMD-Eared-Robot-v1-3-Download-857587638
Neru: mmd default model
Neru phone: https://www.deviantart.com/den2neruakita/art/MMD-Neru-Akita-s-Phone-244814483



Made with Blender.

Any donation (https://ko-fi.com/electronmiku) would be highly appreciated. My dream is to make a living off of creativity.
u can also get 5% off of Voicemod through this link https://link.xsolla.com/p2cK5Uja 
or use the promocode: ELECTRONMIKU
i will earn 15% of the revenue share!

DISCORD 
https://discord.gg/TTD6R468hJ",0.33 minutes,Unknown,1554439,2024-09-29T15:48:24Z,https://www.youtube.com/watch?v=aa1AXFocqX0
ã€ hololive MMD ã€‘ãºã“ã‚‰ãƒãƒŸãƒ¼ã€€å…ç”°ãºã“ã‚‰ã€ãƒ“ãƒ“ãƒ‡ãƒã€‘#ãƒ“ãƒ“ãƒ‡ãƒ #shorts #mmd #hololive #å…ç”°ãºã“ã‚‰ #ãºã“ã‚‰ãƒãƒŸãƒ¼ #ãºã“ã‚‰ãƒ¼ã¨,"#ãƒ“ãƒ“ãƒ‡ãƒ #mmd #å…ç”°ãºã“ã‚‰  #ãºã“ã‚‰ãƒãƒŸãƒ¼ #ãºã“ã‚‰ãƒ¼ã¨

ãƒ“ãƒ“ãƒ‡ãƒ â§¸ æ˜Ÿè¡—ã™ã„ã›ã„(official)
Vocal:æ˜Ÿè¡—ã™ã„ã›ã„
Lyrics,Music,Arranged ï¼šãƒ„ãƒŸã‚­

Stage:ä¼Šé”ã®çŠ¬ã€‚
Modelï¼šHololiveã€€ã™ã‚„ã™ã‚„é…¢å±‹( Ë˜Ï‰Ë˜)ï½½ï¾”ï½§
motion:
ãƒˆãƒ¬ãƒ¼ã‚¹å…ƒå‹•ç”»  ãƒ“ãƒ“ãƒ‡ãƒ / æ˜Ÿè¡—ã™ã„ã›ã„(official) ã“ã“ã®ãƒ€ãƒ³ã‚¹ã‚‚ã‹ã‚ã„ã„ï¼
         https://www.youtube.com/shorts/5OrR0NRWrdw

TaroÂ²ã€MMDã€‘ãƒ“ãƒ“ãƒ‡ãƒ å…¬å¼Shortå‹•ç”» Ver ãƒ€ãƒ³ã‚¹ãƒ¢ãƒ¼ã‚·ãƒ§ãƒ³ã€ãƒ¢ãƒ¼ã‚·ãƒ§ãƒ³é…å¸ƒã€‘
         https://www.nicovideo.jp/watch/sm43742805
         https://www.youtube.com/watch?v=neejNilmA5U


Effect:Mashimashi/soboro/ikeno/beamman/mfakane/o_tamon/P.I.P/cellYukari/å‘‰çŸ³/less/ä¸‹ã£è…¹P",0.58 minutes,Unknown,1526493,2024-05-04T13:15:02Z,https://www.youtube.com/watch?v=QA8tdFR_Wn4
All my people | Lizzy & Doll ğŸ’›â¤ï¸ | HanniaNandz. #murderdrones  #glitchproductions #mmd #3d,"Lizzy and Doll
finally in a video :D !!
I hope you liked the video


- Credits -
motion By Mei
Edited By me
Models by (HanniaNandz) Me
MME: GreenerShader, HgSAO Autoluminous.",0.20 minutes,Unknown,1392467,2024-03-10T01:04:28Z,https://www.youtube.com/watch?v=jXIKCxSrQRg
ã€4KMMDã€‘ã†ã„éº¦ç•‘ã§ã¤ã‹ã¾ãˆã¦ #mmd #shorts,"ããã‚ã„ã„

ã—ãã‚Œã†ã„ã€€ãŸã‚‰ã‚‰ãŸã‚‰ã“æ§˜

ã‚¹ãƒ†ãƒ¼ã‚¸ã€€ã°ã‚“ããæ§˜

ãƒ¢ãƒ¼ã‚·ãƒ§ãƒ³ã€€NHQæ§˜

ï¼œè‘—ä½œæ¨©ã«ã¤ã„ã¦ï¼
å½“ãƒãƒ£ãƒ³ãƒãƒ«ã¯çš†ã•ã‚“ã«æ¥½ã—ã‚“ã§ã„ãŸã ãã“ã¨ã‚’ç›®çš„ã¨ã—ã¦ãŠã‚Šã€
è‘—ä½œæ¨©ã‚„è‚–åƒæ¨©ç­‰ã®ä¾µå®³ã‚’ç›®çš„ã¨ã—ãŸãƒãƒ£ãƒ³ãƒãƒ«ã§ã¯ã”ã–ã„ã¾ã›ã‚“ã€‚
å‹•ç”»ã®ä¸­ã§æ²è¼‰ã•ã‚Œã¦ã„ã‚‹ç”»åƒç­‰ã®è‘—ä½œæ¨©ã‚„è‚–åƒæ¨©ã¯ã€æ¨©åˆ©æ‰€æœ‰è€…æ§˜ã«å¸°å±ã—ã¾ã™ã€‚",0.48 minutes,Unknown,1011005,2024-07-21T03:43:06Z,https://www.youtube.com/watch?v=56pxyXqw6Ks
No you fatty! #vocaloid #hatsunemiku #miku #mmd #projectsekai #meloloid #talkloid #blender #art,,0.37 minutes,Unknown,504094,2024-09-22T13:17:02Z,https://www.youtube.com/watch?v=CwpOPASh5-E
[MMD]ã€€ã—ãã‚Œã†ã„ã€€ã†ã„éº¦ç•‘ã§ã¤ã‹ã¾ãˆã¦,"Modelã€€TararaTarakoæ§˜

Motion NHQæ§˜

Camera kojimaæ§˜

Stage Chidoriæ§˜






#ã—ãã‚Œã†ã„ã€€#MMDã€€#Shorts",0.48 minutes,Unknown,459441,2024-08-01T11:01:03Z,https://www.youtube.com/watch?v=ybz80Bf-Ljw
[MMD Genshin] My Favourite Pairing: #genshinimpact #genshin #shorts #fyp #mmd,"Credits!
[Game: Genshin Impact]
[Editors: MikuMikuDance/Adobe Premiere Pro]
[Models: MiHoyo/Hoyoverse/Monolithia/Midori Cheesecake]
[Effects: Manashiku/sovoro/P.I.P/rui/ã¾ã—ã¾ã—/ãã¼ã‚/ikeno]
[Audio:  Roblox 3008 OST - Friday Theme]",0.23 minutes,Unknown,304733,2024-08-25T15:02:02Z,https://www.youtube.com/watch?v=bRZ0i-NsOYM
ã¾ã„ãŸã‘ãƒ€ãƒ³ã‚¹ / å„’çƒé¢¨äº­èºéˆ¿ã€Hololive MMDã€‘#å„’çƒé¢¨äº­ã‚‰ã§ã‚“ #ã¾ã„ãŸã‘ãƒ€ãƒ³ã‚¹ #regloss #hololive #mmd #shorts,"ã¾ã„ãŸã‘ãƒ€ãƒ³ã‚¹ / å„’çƒé¢¨äº­èºéˆ¿ã€Hololive MMDã€‘#å„’çƒé¢¨äº­ã‚‰ã§ã‚“ #ã¾ã„ãŸã‘ãƒ€ãƒ³ã‚¹ #regloss #hololive #mmd #shorts 

ğŸ’¾ ï¿¤MMD Source
ï¿£ï¿£ï¿£ï¿£ï¿£ï¿£ï¿£ï¿£ï¿£ï¿£ï¿£ï¿£ï¿£ï¿£ï¿£ï¿£ï¿£ï¿£ï¿£ï¿£ï¿£ï¿£ï¿£ï¿£ï¿£ï¿£ï¿£
Modelï¼škanaiannzenm - å„’çƒé¢¨äº­ã‚‰ã§ã‚“(éå…¬å¼äºŒæ¬¡å‰µä½œMMDãƒ¢ãƒ‡ãƒ«)
Backgroundï¼šå„’çƒé¢¨äº­ã‚‰ã§ã‚“
Motionï¼šZaRizumu
Cameraï¼šZaRizumu
MME : é‡é‡‘P, ikeno, ç€¬å°¾, P.I.P, ãã¼ã‚, ãƒ“ãƒ¼ãƒ ãƒãƒ³P, è§’ç ‚ç³–
Musicï¼šã€ã¾ã„ãŸã‘ãƒ€ãƒ³ã‚¹ã€‘æ™‚é–“ãŒå·»ã„ãŸã¨ãã‚„å·»ããŸã„ã¨ãã«ã”åˆ©ç”¨ãã ã•ã„ã€å„’çƒé¢¨äº­ã‚‰ã§ã‚“ã€‘
https://www.youtube.com/shorts/hymOcFUkCHU

ğŸ” ï¿¤Hash Tag
ï¿£ï¿£ï¿£ï¿£ï¿£ï¿£ï¿£ï¿£ï¿£ï¿£ï¿£ï¿£ï¿£ï¿£ï¿£ï¿£ï¿£ï¿£ï¿£ï¿£ï¿£ï¿£ï¿£ï¿£ï¿£ï¿£ï¿£
#ã¾ã„ãŸã‘ãƒ€ãƒ³ã‚¹
#å„’çƒé¢¨äº­ã‚‰ã§ã‚“ #å„’çƒé¢¨äº­èºéˆ¿  #èºéˆ¿ #raden #juufuuteiraden 
#vtuber #hololive #regloss #ãƒ›ãƒ­ãƒ©ã‚¤ãƒ–
ï¿£ï¿£ï¿£ï¿£ï¿£ï¿£ï¿£ï¿£ï¿£ï¿£ï¿£ï¿£ï¿£ï¿£ï¿£ï¿£ï¿£ï¿£ï¿£ï¿£ï¿£ï¿£ï¿£ï¿£ï¿£ï¿£ï¿£",0.28 minutes,Unknown,287124,2024-09-05T02:10:22Z,https://www.youtube.com/watch?v=u2tDTS7z_l0
ã€Genshin/MMDã€‘Barbara & Lumine Simple Dimple #genshinimpact #mmd #shorts #ayaka #barbara,"ğŸš« DO NOT REUPLOAD AND EDIT!!!!!! ğŸš«â„ If you like, plsã€ŒLikeğŸ‘ã€and [Subscribe]
Thanks for watching  â™ª  (Â´â–½ï½€)

Subscribe :  https://youtube.com/@nineev?si=2YgkqOmu1aAoy_e4 

====================================
Twitter        : https://twitter.com/nineee_v
Instagram  : https://www.instagram.com/niineevv/
====================================
Support me 
Patreon   : https://www.patreon.com/NineV
Saweria   : https://saweria.co/ninev
Trakteer   : https://trakteer.id/NineV/tip
====================================",0.17 minutes,Unknown,220094,2024-04-02T10:00:38Z,https://www.youtube.com/watch?v=mbZyUImQbY4
[MMD Genshin] Future Kinich Mains: #shorts #genshinimpact #natlan #fyp #mmd #kinich #genshin,"lazy short
Credits!

[Game: Genshin Impact]
[Editors: MikuMikuDance/Adobe Premiere Pro]
[Models: MiHoyo/Hoyoverse/å°æµ·æ–°ä¸æ‹çˆ±]
[Effects: manashiku/sovoro/P.I.P/rui/ã¾ã—ã¾ã—/ãã¼ã‚/ikeno]
[Audio: Ben 10 Opening Theme - old version]

Goodbye :)",0.23 minutes,Unknown,196865,2024-07-22T00:44:04Z,https://www.youtube.com/watch?v=R5nE7kNGe4Y
ã€MMD/ç´³å£«å‘ã‘ã€‘ãƒãƒ©ãƒãƒ©è¦‹ãˆãã†ãªåƒæŸï¼†ãŸããªã®ã†ã„éº¦ç•‘ã§ã¤ã‹ã¾ãˆã¦ã€4Kã€‘,"å‹æ‰‹ã«ã—ã¦ãã ã•ï½ã„

model:TararaTarako
motion:NHQ5289
stage:bakogomi
song:ã—ãã‚Œã†ã„
accessory:ä¼Šé”ã®çŠ¬ã€‚

#mmd #ãƒªã‚³ãƒªã‚³ #ã†ã„éº¦ç•‘ã§ã¤ã‹ã¾ãˆã¦ #éŒ¦æœ¨åƒæŸ #äº•ãƒä¸ŠãŸããª",0.50 minutes,Unknown,183976,2024-08-02T09:14:48Z,https://www.youtube.com/watch?v=nPMKB1uSSmk
ã€Hololive MMDã€‘ã•ãã‚‰ã¿ã“ æ˜Ÿè¡—ã™ã„ã›ã„ã€ãƒ‘ã‚¤ãƒ‘ã‚¤ä»®é¢ã§ã©ã†ã‹ã—ã‚‰ã‚“ï¼Ÿã€‘#ãƒ‘ã‚¤ãƒ‘ã‚¤ä»®é¢ã§ã©ã†ã‹ã—ã‚‰ã‚“ï¼Ÿ #æ˜Ÿè¡—ã™ã„ã›ã„  #hololive #mmd #ã•ãã‚‰ã¿ã“ #vtuber,"#å…ç”°ãºã“ã‚‰  #hololive #mmd #mmdãƒ›ãƒ­ãƒ©ã‚¤ãƒ– #vtuber
Music:ãƒ‘ã‚¤ãƒ‘ã‚¤ä»®é¢ã§ã©ã†ã‹ã—ã‚‰ã‚“ï¼Ÿ 
https://youtu.be/hv2vo94FOF4?si=n1iO572krDiAoeZW
ä½œè©ãƒ»ä½œæ›²ãƒ»ç·¨æ›²ã€€ã‚µã‚µã‚­ãƒˆãƒ¢ã‚³


Modelï¼šÂ© 2016 COVER Corp.ã€€ã’ã®ã’
Motionï¼šÂ© 2016 COVER Corp.
Stage:ä¼Šé”ã®çŠ¬

è¡¨æƒ…ãƒ»ãƒªãƒƒãƒ—ãƒ»ã‚«ãƒ¡ãƒ©:dekopon
https://bowlroll.net/file/324605

Effect:Mashimashi/soboro/ikeno/beamman/mfakane/o_tamon/P.I.P/cellYukari/å‘‰çŸ³/less/ä¸‹ã£è…¹P",0.52 minutes,Unknown,141922,2024-09-22T09:00:09Z,https://www.youtube.com/watch?v=75T8MX_zU_w
Talkloids be like: The broken toaster (Meloloid) #vocaloid #talkloid #mmd #art #animation,,0.43 minutes,Unknown,129694,2024-09-22T17:01:15Z,https://www.youtube.com/watch?v=wXCL1h5owz0
Tag me on your collabs pliz #vocaloid #hatsunemiku #miku #projectsekai #anime #mmd #talkloid #gl2,"ha #gachaclub #gachalife #gc #glm #gl2 #gl #trending #erasermic #aizawa #aizawashouta #shortvideo #shortsvideo #video #post #viral #like #subscribe #blow up #comment #share #cool #Supercool #hardwork #blow #plssubscribe #short #gachalifememe #mha #bnha #bnhaau #mhadev s ther a t#gacha #gachaclub #gachalife #gc #glm #gl2 #gl #trending #aizawa #erasermic #private #privacy #cool #new #newtrend #newtrending #status #gl2 #bkdk #gachameme #trendingshorts #short #video #videos #blowup #pleasedontflop #plssubscribe #subscribe #comment #like #share #road3k #Gachaeditor #ocs #oc #gachameme #trend #trending #fy #fyp #viral #blowup #dontflop #flopping #gachatiktok #gachacommunity #gachacommunityedits #editing #editsanime #bkdk #erasermic #trends #short #shorts #videoshort #video #gachalife2 #gl2  #anime #animation #bnha #bnhaau #mha #mhaedit #Gachacool #coolvideos #fypã‚· #fypã‚·ã‚šviral #blowup #fyptiktok #fypyoutube #fypã‚·ã‚š #plislike #unitedstates #gachaenglish #english #gachalifeenglish #unitedkingdom #britain #british #art #editing #artist #gachaedit #youtube #lol #xd

Gacha,Gacha Meme,Video, Short, for you, no colours,Music video,Cool video,Edits,Gachalife,Gacha life mha,Video,fnaf,music,Cool Gacha video, My hero academia,Boku no hero academia,Gacha life 2,viral,my hero academia,boku no hero academia,edit,parody,tea",0.28 minutes,Unknown,129641,2024-09-25T17:40:22Z,https://www.youtube.com/watch?v=K6-ghGzh3iE
ã€Hololive MMDã€‘å®é˜ãƒãƒªãƒ³ å¤©éŸ³ã‹ãªãŸ#ãƒ‘ã‚¤ãƒ‘ã‚¤ä»®é¢ã§ã©ã†ã‹ã—ã‚‰ã‚“ï¼Ÿ#hololive #mmd #å®é˜ãƒãƒªãƒ³ #å¤©éŸ³ã‹ãªãŸ #shorts,"#hololive #mmd #mmdãƒ›ãƒ­ãƒ©ã‚¤ãƒ– #vtuber #å®é˜ãƒãƒªãƒ³ #å¤©éŸ³ã‹ãªãŸ
Music:ãƒ‘ã‚¤ãƒ‘ã‚¤ä»®é¢ã§ã©ã†ã‹ã—ã‚‰ã‚“ï¼Ÿ 
https://youtu.be/hv2vo94FOF4?si=n1iO572krDiAoeZW
ä½œè©ãƒ»ä½œæ›²ãƒ»ç·¨æ›²ã€€ã‚µã‚µã‚­ãƒˆãƒ¢ã‚³


Modelãƒ»Motionï¼šÂ© 2016 COVER Corp.
Stage:ä¼Šé”ã®çŠ¬

è¡¨æƒ…ãƒ»ãƒªãƒƒãƒ—ãƒ»ã‚«ãƒ¡ãƒ©:dekopon
https://bowlroll.net/file/324605

Effect:Mashimashi/soboro/ikeno/beamman/mfakane/o_tamon/P.I.P/cellYukari/å‘‰çŸ³/less/ä¸‹ã£è…¹P",0.52 minutes,Unknown,116560,2024-09-30T11:00:30Z,https://www.youtube.com/watch?v=_xZqf4DQehc
ã€ã‚¼ãƒ³ã‚¼ãƒ­ â„¤ğ•–ğ•Ÿğ•ğ•–ğ•¤ğ•¤ â„¤ğ• ğ•Ÿğ•– â„¤ğ•–ğ•£ğ•  ğ•„ğ•„ğ”»ã€‘ğ”¸ğ•¡ğ•™ğ•£ğ• ğ••ğ•šğ•¥ğ•– | ğ”¼ğ•ğ•ğ•–ğ•Ÿ ğ•ğ• ğ•– ã‚¨ãƒ¬ãƒ³ãƒ»ã‚¸ãƒ§ãƒ¼,"Motion by Kler Rinslet
____________________________________________________
Want more lewd ğŸ‘€ ?
Patreon: patreon.com/ABFMMD
Twitter.com : @ABF_MMD

#MMD #ZenlessZoneZero

ZenlessZoneZero Â© Mihoyo

#ç»åŒºé›¶ #çµ•å€é›¶ #ZenlessZoneZero #ì  ë ˆìŠ¤ì¡´ì œë¡œ #ã‚¼ãƒ³ãƒ¬ã‚¹ã‚¾ãƒ¼ãƒ³ã‚¼ãƒ­
#MMD
#Ellen #ì—˜ë Œ #ã‚¨ãƒ¬ãƒ³",0.50 minutes,Unknown,114296,2024-07-16T04:47:47Z,https://www.youtube.com/watch?v=jf_HqLlXj9M
ã€MMD ãƒ–ãƒ«ãƒ¼ã‚¢ãƒ¼ã‚«ã‚¤ãƒ– Blue Archive 4k 60FPSã€‘Hoshino x Hina - Vanitosa Extended #bluearchive #mmd #vanitosa,"#mmd #bluearchiveglobal #bluearchive #vanitosa #hoshino #hina 

Motion: miku queen
Dong: Gigi Fuscaldo & Fabio Karia feat. Angelica - Vanitosa
Model: TararaTarako/Homyu",0.42 minutes,Unknown,113029,2024-09-13T09:16:11Z,https://www.youtube.com/watch?v=HTipcielH-c
[MMD/Zenless Zone Zero] Ellen - BrooklynBloodPop!,"If you like this video, please subscribe to my channel.

MMD animation #Ellen, #mmd, #ZenlessZoneZero, #ZZZ

Model : HoYoverse/miHoYo

Motion: á—°EI

Effect : Autoluminous, Diffusion, HgSAO, Workingfloor

Software : MMD, Kdenlive, Blender

Song: #BrooklynBloodPop!",0.20 minutes,#BrooklynBloodPop!,110854,2024-07-18T12:27:52Z,https://www.youtube.com/watch?v=f4YjLSRNYJ4
[MMD Hololive] Magnetic - Illit | Marine & Ayame | #mmd #4k,"--------------------------------------------------------------------------
Visit Iwara.tv for more juicy videos!
Iwara: mmdkouhai 

--------------------------------------------------------------------------
Character in video: Houshou Marine and Nakiri Ayame
--------------------------------------------------------------------------
Model: TararaTarako

Motion: Sukaretto Gonzales

Song in video: Illit - Magnetic

Stage: Color Dome by RavAndCheese

Effects: KiraKira_sparkle
--------------------------------------------------------------------------
#mmd #4k #hololive #tiktok #houshoumarine #marine #nakiriayame #ayame",0.27 minutes,Unknown,108977,2024-05-30T12:48:16Z,https://www.youtube.com/watch?v=EsOLlnF-S74
MELOLOID: No Vitamins! #talkloid #vocaloid #meloloid #mmd #blender #miku (she help meh @Kibblelol),,0.35 minutes,Unknown,103596,2024-09-29T04:51:13Z,https://www.youtube.com/watch?v=mghMc4cDweY
æ¹Šã‚ãã‚ ãƒ‘ã‚¤ãƒ‘ã‚¤ä»®é¢ã§ã©ã†ã‹ã—ã‚‰ã‚“ï¼Ÿ #vtuber #ã‚ããŸã‚“ #è¸Šã£ã¦ã¿ãŸ #mmd #mmdãƒ›ãƒ­ãƒ©ã‚¤ãƒ– #æ¹Šã‚ãã‚#shorts #short #shortvideo,,0.25 minutes,Unknown,101386,2024-09-27T10:10:59Z,https://www.youtube.com/watch?v=fM_oPqZODVw
[åŸç¥MMD2]æ°—ã¾ãã‚Œãƒ¡ãƒ«ã‚·ã‚£ [R18å‹•ç”»é…å¸ƒ],"#æ°—ã¾ãã‚Œãƒ¡ãƒ«ã‚·ã‚£ #MMD #genshinimpact  #ãƒŠãƒ’ãƒ¼ãƒ€ #ã‚¯ãƒ¬ãƒ¼  #ãƒ•ãƒ¼ã‚¿ã‚ª #æ—©æŸš #ç™½éœ² 
â€»è¿½è¨˜
https://x.com/yosi114114ã¯å‡çµã•ã‚Œã¾ã—ãŸï½
æ–°ã‚¢ã‚«ã‚¦ãƒ³ãƒˆ
https://x.com/inui1616114
ãƒ•ã‚©ãƒ­ãƒ¼ãŠé¡˜ã„ã—ã¾ã™ã€‚




ä»Šå›ã‚‚ï¼²18å‹•ç”»ã®ãƒªãƒ³ã‚¯è²¼ã£ã¦ãŠãã¾ã™ã€‚
ï¼²18å‹•ç”»4Kã¯1ä¸‡å†ç”Ÿã—ãŸã‚‰UPã—ã¾ã™ã€‚

â€»ï¼²18å‹•ç”»ã®å…¥æ‰‹æ‰‹é †â‘ MEGAâ†’â‘¡MEGAã®å¾©å·ã‚­ãƒ¼ï¼ˆDecryption keyï¼‰å…¥åŠ›â†’â‘¢ãƒ•ã‚¡ã‚¤ãƒ«è§£å‡ãƒ‘ã‚¹
ã€€â‘ ã€â‘¡ã€â‘¢ã¯â†“

â˜…â‘ MEGA
HDç”»è³ªã€€https://mega.nz/file/wXdmGSrJ
4Kã€€https://mega.nz/file/lStDAb4a

â˜…â‘¡MEGAã®å¾©å·ã‚­ãƒ¼ï¼ˆDecryption keyï¼‰
HDç”»è³ªã€€KrtRoPLLkqlgFW2ZtbWLgTy7ddgQy2bJoeIrha9NPAA
4Kã€€jCqwx0HIml1oIg0T16xYxMbvSyenmyYP37ekVRg5vLo

â˜…â‘¢ãƒ•ã‚¡ã‚¤ãƒ«è§£å‡æ™‚ã«å¿…è¦ãƒ‘ã‚¹ã¯ãƒ‹ã‚³ãƒ‹ã‚³å‹•ç”»â†“ã€Œã„ã„ã­ï¼ã€ã¸ã®ãŠç¤¼ãƒ¡ãƒƒã‚»ãƒ¼ã‚¸ã‚’ã‚¯ãƒªãƒƒã‚¯ã€‚
nicovideo.jp/watch/sm43959565

â˜…IWARA
è¤è‰²ãƒ­ãƒªå¥½ã@ user215097
www.iwara.tv/video/lz2PiFBsnBIDm2





ã€ŒMusicã€
ãƒ©ã‚¤ã‚¢ãƒ¼ãƒ€ãƒ³ã‚¹ feat. åˆéŸ³ãƒŸã‚¯ã€€DECO*27æ§˜
æ°—ã¾ãã‚Œãƒ¡ãƒ«ã‚·ã‚£ feat. åˆéŸ³ãƒŸã‚¯ã€€å…«ç‹å­Pæ§˜
ã€ŒMotionã€
mokaæ§˜ã€susukiæ§˜ã€ã¡ã‚ƒãƒ¼ã‚Šãƒæ§˜

ã€ŒChoreographyã€ã‚ã‚ã¡ã‚“æ§˜
ã€ŒCamera & Facialã€
æ°¸é èµ¤ç´…çš„å¹¼æœˆæ§˜",4.03 minutes,Unknown,96589,2024-08-13T08:10:59Z,https://www.youtube.com/watch?v=toIkDshA2PM
[MMD Genshin] When the Introverts communicate: #genshinimpact #genshin #shorts #fyp #mmd,"[Game: Genshin Impact] 
[Models: MiHoyo/Hoyoverse] 
[PSP: SakuraMIZ] 
[Effects: Manashiku/sovoro/P.I.P/rui/ã¾ã—ã¾ã—/ãã¼ã‚/ikeno] 
[Audio: Head Empty]",0.25 minutes,Unknown,93770,2024-08-19T15:29:07Z,https://www.youtube.com/watch?v=Nl53Ku3Gnvs
NO YOU FATTY #hatsunemiku #miku #vocaloid #mmd #meloloid #projectsekai,,0.37 minutes,Unknown,93593,2024-09-23T05:31:41Z,https://www.youtube.com/watch?v=proXR2LMSAA
No vitamins! #vocaloid #hatsunemikuvocaloid #miku #hatsunemiku #anime #mmd #meloloid #talkloid #fpe,,0.33 minutes,Unknown,86944,2024-09-28T13:18:13Z,https://www.youtube.com/watch?v=atDiAbguRg0
10 minutes #vocaloid #miku #hatsunemiku #anime #mmd #meloloid #talkloid #blender #gachanebula #fun,,0.37 minutes,Unknown,74572,2024-09-21T22:13:22Z,https://www.youtube.com/watch?v=1IjptMLHk7E
Tag me in your collabs pliz #vocaloid #hatsunemiku #miku #projectsekai #anime #mmd #talkloid #gl2,"ha #gachaclub #gachalife #gc #glm #gl2 #gl #trending #erasermic #aizawa #aizawashouta #shortvideo #shortsvideo #video #post #viral #like #subscribe #blow up #comment #share #cool #Supercool #hardwork #blow #plssubscribe #short #gachalifememe #mha #bnha #bnhaau #mhadev s ther a t#gacha #gachaclub #gachalife #gc #glm #gl2 #gl #trending #aizawa #erasermic #private #privacy #cool #new #newtrend #newtrending #status #gl2 #bkdk #gachameme #trendingshorts #short #video #videos #blowup #pleasedontflop #plssubscribe #subscribe #comment #like #share #road3k #Gachaeditor #ocs #oc #gachameme #trend #trending #fy #fyp #viral #blowup #dontflop #flopping #gachatiktok #gachacommunity #gachacommunityedits #editing #editsanime #bkdk #erasermic #trends #short #shorts #videoshort #video #gachalife2 #gl2  #anime #animation #bnha #bnhaau #mha #mhaedit #Gachacool #coolvideos #fypã‚· #fypã‚·ã‚šviral #blowup #fyptiktok #fypyoutube #fypã‚·ã‚š #plislike #unitedstates #gachaenglish #english #gachalifeenglish #unitedkingdom #britain #british #art #editing #artist #gachaedit #youtube #lol #xd

Gacha,Gacha Meme,Video, Short, for you, no colours,Music video,Cool video,Edits,Gachalife,Gacha life mha,Video,fnaf,music,Cool Gacha video, My hero academia,Boku no hero academia,Gacha life 2,viral,my hero academia,boku no hero academia,edit,parody,tea",0.28 minutes,Unknown,73784,2024-09-26T06:45:57Z,https://www.youtube.com/watch?v=11HjWZXpX8E
Nahida JUMP UP ã€Genshin Impact MMDã€‘ #mmd #nahida,"Nahida JUMP UP ã€Genshin Impact MMDã€‘
å…¨ã¦ã®åˆ¶ä½œè€…æ§˜ã«æ„Ÿè¬ã„ãŸã—ã¾ã™ã€‚

*ãŠå€Ÿã‚Šã—ãŸã‚‚ã®*
â—†Musicï¼šJUMP UP / DECO*27 feat. åˆéŸ³ãƒŸã‚¯
â—†Modelï¼šè§‚æµ· miHoYo åŸç¥
â—†Stage : kotamiæ§˜
â—†Motion : mobiusPæ§˜
â—†Effects :  Ruiæ§˜
#mmd #nahida #ãƒŠãƒ’ãƒ¼ãƒ€ #çº³è¥¿å¦²",1.30 minutes,Unknown,65152,2024-01-15T12:01:05Z,https://www.youtube.com/watch?v=FSdjx6mPM_Q
#vocaloid #hatsunemikuvocaloid #hatsunemiku #mmd #anime #meloloid #blender #talkloid,,0.33 minutes,Unknown,65600,2024-09-24T09:55:59Z,https://www.youtube.com/watch?v=5CG2XeQpTog
[MMD/Zenless Zone Zero] Jane Doe - Hold up,"If you like this video, please subscribe to my channel.

MMD animation #JaneDoe #mmd #ZenlessZoneZero #ZZZ

Model : HoYoverse/miHoYo

Motion: Sukaretto Gonzales

Song: Hold up",0.35 minutes,Hold up,63272,2024-09-06T12:26:28Z,https://www.youtube.com/watch?v=dTx3KtDbbIw
ã€Hololive MMDã€‘ãºã“ã‚‰ãƒãƒŸãƒ¼ã€ãƒ‘ã‚¤ãƒ‘ã‚¤ä»®é¢ã§ã©ã†ã‹ã—ã‚‰ã‚“ï¼Ÿã€‘#ãƒ‘ã‚¤ãƒ‘ã‚¤ä»®é¢ã§ã©ã†ã‹ã—ã‚‰ã‚“ï¼Ÿ #ãºã“ã‚‰ãƒãƒŸãƒ¼  #hololive #mmd #vtuber,"#ãºã“ã‚‰ãƒãƒŸãƒ¼  #hololive #mmd #mmdãƒ›ãƒ­ãƒ©ã‚¤ãƒ– #vtuber
Music:ãƒ‘ã‚¤ãƒ‘ã‚¤ä»®é¢ã§ã©ã†ã‹ã—ã‚‰ã‚“ï¼Ÿ 
https://youtu.be/hv2vo94FOF4?si=n1iO572krDiAoeZW
ä½œè©ãƒ»ä½œæ›²ãƒ»ç·¨æ›²ã€€ã‚µã‚µã‚­ãƒˆãƒ¢ã‚³


Modelï¼šã™ã‚„ã™ã‚„é…¢å±‹( Ë˜Ï‰Ë˜)ï½½ï¾”ï½§
Motionï¼šÂ© 2016 COVER Corp.
Stage:ä¼Šé”ã®çŠ¬

è¡¨æƒ…ãƒ»ãƒªãƒƒãƒ—ãƒ»ã‚«ãƒ¡ãƒ©:dekopon
https://bowlroll.net/file/324605

Effect:Mashimashi/soboro/ikeno/beamman/mfakane/o_tamon/P.I.P/cellYukari/å‘‰çŸ³/less/ä¸‹ã£è…¹P",0.52 minutes,Unknown,60435,2024-09-23T09:00:22Z,https://www.youtube.com/watch?v=HxrSrR7zmVM
Teto is hungry!! #vocaloid #hatsunemiku #miku #mmd #projectsekai #meloloid #talkloid #fypã‚·ã‚šviral,,0.37 minutes,Unknown,48254,2024-09-29T20:36:45Z,https://www.youtube.com/watch?v=41dYx6YjcAA
#vocaloid #hatsunemiku #projectsekai #miku #meloloid #mmd #meloloid #talkloid #anime #blender,,0.37 minutes,Unknown,48184,2024-09-27T23:30:38Z,https://www.youtube.com/watch?v=mhefB82UodA
Teto is hungry #vocaloid #hatsunemiku #miku #mmd #projectsekai #meloloid #talkloid #blender #funny,,0.37 minutes,Unknown,47056,2024-09-22T16:35:03Z,https://www.youtube.com/watch?v=EMX_82CZrUc
NO YOUR FATRY! #hatsunemiku #vocaloid #mmd #miku #meloloid #projectsekai #talkloid #keÅŸfet #blender,,0.37 minutes,Unknown,62515,2024-09-29T14:10:41Z,https://www.youtube.com/watch?v=oINm8Ic1dvA
The toaster issss broken ğŸ˜” #vocaloid #hatsunemiku #miku #projectsekai #anime #mmd #talkloid,,0.45 minutes,Unknown,44906,2024-10-01T23:00:29Z,https://www.youtube.com/watch?v=8Yg6BaJQDAQ
10 #fyp #miku #hatsunemiku #mmd #meloloid #talkloid #art #blender #artist #commissionartist,,0.37 minutes,Unknown,43012,2024-09-27T03:31:45Z,https://www.youtube.com/watch?v=tEqJbQraVR8
#vocaloid #hatsunemiku #miku #anime #mmd #talkloid #gacha #dontusemytagspls #animegames,,0.47 minutes,Unknown,39259,2024-09-22T13:22:02Z,https://www.youtube.com/watch?v=jxWoqB2psGM
#vocaloid #hatsunemiku #miku #projectsekai #anime #mmd #talkloid #funny,,0.45 minutes,Unknown,36201,2024-09-23T21:48:36Z,https://www.youtube.com/watch?v=SyOlDt17WI8
mikus toaster broke #vocaloid #hatsunemiku #miku #projectsekai #anime #mmd #talkloid #trending,,0.30 minutes,Unknown,36423,2024-09-22T10:44:03Z,https://www.youtube.com/watch?v=TU7loU-8rNE
Sorry if itâ€™s not on time #vocaloid #hatsunemiku #miku #mmd #midoriyacosplay #dressupdarling #miku,,0.38 minutes,Unknown,33624,2024-09-27T19:25:43Z,https://www.youtube.com/watch?v=YCLIlARCObs
#vocaloid #hatsunemikuvocaloid #hatsunemiku #miku #anime #mmd #talkloid #meloloid â„•ğ•†,,0.33 minutes,Unknown,39661,2024-09-30T09:59:18Z,https://www.youtube.com/watch?v=jY1BoLM1ae8
No vitamin #hatsunemikuvocaloid #vocaloid #miku #anime #mmd #meloloid #talkloid #blender,,0.33 minutes,Unknown,27701,2024-09-30T09:44:34Z,https://www.youtube.com/watch?v=guytEUSQdeo
#vocaloid #hatsunemikuvocaloid #miku #hatsunemiku #anime #mmd #meloloid #shop #bobbydcustoms,"Hello,
My Name Is Sabrina and I am a 7 year old artist. Please' like, comment, share and subscribe. And please no hate. Thank you have a great day!",0.33 minutes,Unknown,27895,2024-09-27T20:43:51Z,https://www.youtube.com/watch?v=57K8vmRSMlQ
#fyp #vocaloid #hatsunemiku #miku #mmd #projectsekai #meloloid #talkloid #blender #fypageã‚· #roblox,,0.37 minutes,Unknown,26947,2024-10-01T15:42:55Z,https://www.youtube.com/watch?v=3DUyjUYztyg
#hatsunemikuvocaloid #hatsunemiku #anime #miku #mmd,,0.33 minutes,Unknown,24851,2024-09-26T19:08:45Z,https://www.youtube.com/watch?v=9PFQdLwWW3w
#vocaloid #hatsunemiku #miku #projectsekai #anime #mmd #talkloid #duet #foxtherian #besti,,0.45 minutes,Unknown,24537,2024-09-30T18:21:16Z,https://www.youtube.com/watch?v=MUQYUtZ-fBU
train in ten minuets #vocaloid #miku #hatsunemiku #anime #mmd #meloloid #talkloid #trending,,0.37 minutes,Unknown,24319,2024-09-23T08:48:30Z,https://www.youtube.com/watch?v=m_bVYi9uSHg
No vitamins #vocaloid #hatsunemikuvocaloid #miku #hatsunemiku #anime #mmd #meloloid #talkloid #glmm,,0.33 minutes,Unknown,22431,2024-09-28T09:55:57Z,https://www.youtube.com/watch?v=0IkALEW_iB4
ã€hololive MMDã€‘ç™¾é¬¼ã‚ã‚„ã‚ã€šWatch Meã€›#mmd #ã«ã”ãƒªãƒªãƒ€ãƒ³ã‚¹ #ç™¾é¬¼ã‚ã‚„ã‚,"â€»ã“ã‚Œã¯ãƒ›ãƒ­ãƒ©ã‚¤ãƒ–ã®äºŒæ¬¡å‰µä½œå‹•ç”»ã§ã™ã€‚ 

â˜…ãŠå€Ÿã‚Šã—ãŸã‚‚ã®â˜…
ã€ãƒ¢ãƒ‡ãƒ«ã€‘
ç™¾é¬¼ã‚ã‚„ã‚
https://www.youtube.com/@NakiriAyame
åˆ¶ä½œï¼šTararaTarakoæ§˜
Â©2016 cover corp.

ã€æ¥½æ›²ã€‘
TVã‚¢ãƒ‹ãƒ¡ã€2.5æ¬¡å…ƒã®èª˜æƒ‘ã€ã‚¨ãƒ³ãƒ‡ã‚£ãƒ³ã‚°ãƒ†ãƒ¼ãƒã€ŒWatch Meã€

ã€ãƒ¢ãƒ¼ã‚·ãƒ§ãƒ³ã€‘
å…«ãƒ„æ©‹ã¾ã‚ã‚“ æ§˜

ã€ã‚¹ãƒ†ãƒ¼ã‚¸ã€‘
ã–ã‚ŠãŒã« æ§˜

ã€ã‚¨ãƒ•ã‚§ã‚¯ãƒˆã€‘
ãã¼ã‚æ§˜ã€lessæ§˜ã€ruiæ§˜ã€ã¾ã—ã¾ã—æ§˜ã€ãƒŸãƒ¼ãƒ•ã‚©èŒœæ§˜ã€ã®ã‚Šã—ãŠæ§˜
ãƒ“ãƒ¼ãƒ ãƒãƒ³Pæ§˜ã€ikenoæ§˜ã€é‡é‡‘Pæ§˜ã€ãŠãŸã‚‚ã‚“æ§˜ã€ã®ã¹ç”·æ§˜",0.25 minutes,Unknown,20738,2024-09-17T12:39:08Z,https://www.youtube.com/watch?v=mZwUmZoEkTk
[MMD Genshin] Kinich #genshinimpact #hoyocreators #kinich #fyp #shorts #genshin #mmd #natlan #fy,"Credits!
[Game: Genshin Impact]
[Editors: MikuMikuDance/Adobe Premiere Pro]
[Models: MiHoyo/Hoyoverse]
[Effects: [Effects: Manashiku/rui/sovoro/ã¾ã—ã¾ã—/ãã¼ã‚o_tamon/ikeno]
[Audio: ISQ - VOID (Slowed Version)]

#genshinimpact #genshin #kinich #hoyocreators",0.50 minutes,Unknown,20621,2024-09-22T20:53:37Z,https://www.youtube.com/watch?v=tLwU-8XJyGw
Teto is HUNGRY ASF/Paper Talkloid/ctto/ #hatsunemiku #vocaloid #mmd #miku #meloloid,,0.37 minutes,Unknown,20885,2024-09-28T06:05:02Z,https://www.youtube.com/watch?v=_SW4f7VrphU
Vitamins #vocaloid #hatsunemikuvocaloid #miku #hatsunemiku #anime #mmd #meloloid #talkloid #blender,,0.33 minutes,Unknown,19745,2024-09-27T13:50:49Z,https://www.youtube.com/watch?v=IKndJRNAaKw
ã€åŸç¥/MMDã€‘ãƒŠãƒ’ãƒ¼ãƒ€ã®ã„ã‚ã‚“ãªè¡¨æƒ…ã‚’ã¿ã¦ã„ã“ã†ï¼  #åŸç¥ #genshin #mmd,"ãŠå€Ÿã‚Šã—ãŸã‚‚ã®

â—‡Model - mihoyo

â—‡Song - doodle-Zachz Winner

â—‡Motion - NHQæ§˜

â—‡effect
ã€€P.I.Pæ§˜/ã¾ã—ã¾ã—æ§˜/ãŠãŸã‚‚ã‚“æ§˜/é‡é‡‘Pæ§˜/RedialCæ§˜/akeruæ§˜//Ruiæ§˜/åŒ–èº«ãƒãƒ¬ãƒƒã‚¿æ§˜",0.23 minutes,Unknown,19535,2024-09-30T21:41:54Z,https://www.youtube.com/watch?v=6DoUroeSWSM
Teto is hungry #vocaloid #hatsunemiku #miku #meloloid #talkloid #mmd,,0.37 minutes,Unknown,20897,2024-10-03T02:50:53Z,https://www.youtube.com/watch?v=sAvNOJ34lnc
meloloid : the ice cream machine #talkoid #vocaloid #meloloid #mmd #blender #miku,,0.32 minutes,Unknown,19734,2024-10-02T04:33:14Z,https://www.youtube.com/watch?v=YudqiMzoehI
Teto is hungry ğŸ—¿ #vocaloid #hatsunemiku #miku #mmd #projectsekai #meloloid #talkloid,,0.37 minutes,Unknown,19731,2024-10-02T09:21:10Z,https://www.youtube.com/watch?v=p4J4OJ0O8Vw
the broken toaster #vocaloid #hatsunemiku #miku #projectsekai #mmd #talkloid #gacha,,0.48 minutes,Unknown,18514,2024-10-02T05:53:34Z,https://www.youtube.com/watch?v=s3HGHuEwT7A
#vocaloid #hatsunemikuvocaloid #miku #hatsunemiku #anime #mmd #meloloid #talkloid #blender,,0.33 minutes,Unknown,18254,2024-10-02T00:00:12Z,https://www.youtube.com/watch?v=IOCBwcZ03OM
ã€ hololive MMD ã€‘å®é˜ãƒãƒªãƒ³ æ¹Šã‚ãã‚ å…ç”°ãºã“ã‚‰ã€é’ç©ºã®ãƒ©ãƒ—ã‚½ãƒ‡ã‚£ã€‘ #é’ç©ºã®ãƒ©ãƒ—ã‚½ãƒ‡ã‚£  #mmd  #hololive #æ¹Šã‚ãã‚ #å…ç”°ãºã“ã‚‰ #å®é˜ãƒãƒªãƒ³,"#hololive #mmd #é’ç©ºã®ãƒ©ãƒ—ã‚½ãƒ‡ã‚£ #æ¹Šã‚ãã‚ #å…ç”°ãºã“ã‚‰ #å®é˜ãƒãƒªãƒ³ 

Music:é’ç©ºã®ãƒ©ãƒ—ã‚½ãƒ‡ã‚£
Model:COVER Corp.
Stage:H2CUé˜¿ç›¸
ãƒ¢ãƒ¼ã‚·ãƒ§ãƒ³åˆ¶ä½œ:konene


Effect:Mashimashi/soboro/ikeno/beamman/mfakane/o_tamon/P.I.P/cellYukari/å‘‰çŸ³/less/ä¸‹ã£è…¹P",0.73 minutes,Unknown,18300,2024-10-02T11:00:14Z,https://www.youtube.com/watch?v=7IIkDje5Ayg
#miku #hatsunemiku #projectsekai #anime #mmd #talkloid #countryhumans #fnf #vocaloid,,0.45 minutes,Unknown,16858,2024-09-29T01:38:32Z,https://www.youtube.com/watch?v=F9FOd1ewfH0
ã€Hololive MMDã€‘æˆŒç¥ã“ã‚ã­ çŒ«åˆãŠã‹ã‚†#ãƒ‘ã‚¤ãƒ‘ã‚¤ä»®é¢ã§ã©ã†ã‹ã—ã‚‰ã‚“ï¼Ÿ#hololive #mmd #æˆŒç¥ã“ã‚ã­ #çŒ«åˆãŠã‹ã‚† #shorts,"#hololive #mmd #mmdãƒ›ãƒ­ãƒ©ã‚¤ãƒ– #vtuber #æˆŒç¥ã“ã‚ã­ #çŒ«åˆãŠã‹ã‚†
Music:ãƒ‘ã‚¤ãƒ‘ã‚¤ä»®é¢ã§ã©ã†ã‹ã—ã‚‰ã‚“ï¼Ÿ 
https://youtu.be/hv2vo94FOF4?si=n1iO572krDiAoeZW
ä½œè©ãƒ»ä½œæ›²ãƒ»ç·¨æ›²ã€€ã‚µã‚µã‚­ãƒˆãƒ¢ã‚³


Modelãƒ»Motionï¼šÂ© 2016 COVER Corp.
Stage:ä¼Šé”ã®çŠ¬

è¡¨æƒ…ãƒ»ãƒªãƒƒãƒ—ãƒ»ã‚«ãƒ¡ãƒ©:dekopon
https://bowlroll.net/file/324605

Effect:Mashimashi/soboro/ikeno/beamman/mfakane/o_tamon/P.I.P/cellYukari/å‘‰çŸ³/less/ä¸‹ã£è…¹P",0.52 minutes,Unknown,15525,2024-09-28T09:00:18Z,https://www.youtube.com/watch?v=CSeNVuruEbs
ã¾ã„ãŸã‘ãƒ€ãƒ³ã‚¹ / éŸ³ä¹ƒç€¬å¥ã€Hololive MMDã€‘#éŸ³ä¹ƒç€¬å¥ #å„’çƒé¢¨äº­ã‚‰ã§ã‚“ #ã¾ã„ãŸã‘ãƒ€ãƒ³ã‚¹ #regloss #mmd #shorts,"ã¾ã„ãŸã‘ãƒ€ãƒ³ã‚¹ / éŸ³ä¹ƒç€¬å¥ã€Hololive MMDã€‘#éŸ³ä¹ƒç€¬å¥ #å„’çƒé¢¨äº­ã‚‰ã§ã‚“ #ã¾ã„ãŸã‘ãƒ€ãƒ³ã‚¹ #regloss #mmd #shorts 

ğŸ’¾ ï¿¤MMD Source
ï¿£ï¿£ï¿£ï¿£ï¿£ï¿£ï¿£ï¿£ï¿£ï¿£ï¿£ï¿£ï¿£ï¿£ï¿£ï¿£ï¿£ï¿£ï¿£ï¿£ï¿£ï¿£ï¿£ï¿£ï¿£ï¿£ï¿£
Modelï¼šmorandO 
Backgroundï¼šãƒãƒƒãƒ”ãƒ¼ã‚Šãªã®ã¾ã‚‹TVâ˜…
Motionï¼šZaRizumu
Cameraï¼šZaRizumu
MME : é‡é‡‘P, ikeno, ç€¬å°¾, P.I.P, ãã¼ã‚, ãƒ“ãƒ¼ãƒ ãƒãƒ³P, è§’ç ‚ç³–
Musicï¼šã€ã¾ã„ãŸã‘ãƒ€ãƒ³ã‚¹ã€‘æ™‚é–“ãŒå·»ã„ãŸã¨ãã‚„å·»ããŸã„ã¨ãã«ã”åˆ©ç”¨ãã ã•ã„ã€å„’çƒé¢¨äº­ã‚‰ã§ã‚“ã€‘
https://www.youtube.com/shorts/hymOcFUkCHU

ğŸ” ï¿¤Hash Tag
ï¿£ï¿£ï¿£ï¿£ï¿£ï¿£ï¿£ï¿£ï¿£ï¿£ï¿£ï¿£ï¿£ï¿£ï¿£ï¿£ï¿£ï¿£ï¿£ï¿£ï¿£ï¿£ï¿£ï¿£ï¿£ï¿£ï¿£
#ã¾ã„ãŸã‘ãƒ€ãƒ³ã‚¹
#å„’çƒé¢¨äº­ã‚‰ã§ã‚“ #å„’çƒé¢¨äº­èºéˆ¿  #èºéˆ¿ #raden #juufuuteiraden 
#éŸ³ä¹ƒç€¬å¥ #otonosekanade  #å°é› #kanade
#vtuber #hololive #regloss #ãƒ›ãƒ­ãƒ©ã‚¤ãƒ–
ï¿£ï¿£ï¿£ï¿£ï¿£ï¿£ï¿£ï¿£ï¿£ï¿£ï¿£ï¿£ï¿£ï¿£ï¿£ï¿£ï¿£ï¿£ï¿£ï¿£ï¿£ï¿£ï¿£ï¿£ï¿£ï¿£ï¿£",0.28 minutes,Unknown,14037,2024-09-26T08:00:45Z,https://www.youtube.com/watch?v=P_LvQSqLGwk
ã€MMD RWBY ã€‘ Automotivo bibi fogosa | Yang,"Motion - Mizuki-Chan

Want more lewd ğŸ‘€ ?
Patreon: patreon.com/ABFMMD
Twitter.com : @ABF_MMD

#MMD #RWBY  #Fanmade

RWBYÂ© Rooster teeth

#MMD
#dance 
#RWBY
#blake
#yang
#ruby
#Weiss
#danceanimation",0.15 minutes,Unknown,14311,2024-10-04T07:34:00Z,https://www.youtube.com/watch?v=xJhxuRDM69E
#vocaloid #miku #hatsunemiku #anime #mmd #meloloid #talkloid #blender #funny,,0.37 minutes,Unknown,13967,2024-10-04T23:37:19Z,https://www.youtube.com/watch?v=8Hhdxi_W5Tw
Teto is hungieee #vocaloid #hatsunemiku #miku #mmd #projectsekai #meloloid #talkloid #blender #furry,,0.37 minutes,Unknown,13561,2024-09-28T17:28:14Z,https://www.youtube.com/watch?v=M9BNmtqXSSQ
SHOPPING#hatsunemikuvocaloid #vocaloid #miku #mmd,,0.33 minutes,Unknown,12528,2024-09-28T07:09:02Z,https://www.youtube.com/watch?v=jcKRjtWRYNY
ã€Zenless Zone Zero MMDã€‘Grace Howardã€bibbidiba/ue5/4Kã€‘,"#zenlesszonezero #ã‚¼ãƒ³ã‚¼ãƒ­MMD #ã‚¼ãƒ³ã‚¼ãƒ­ #mmd
Thanks for watching!
#ç»åŒºé›¶ #çµ•å€é›¶ #ZenlessZoneZero #ì  ë ˆìŠ¤ì¡´ì œë¡œ #ã‚¼ãƒ³ãƒ¬ã‚¹ã‚¾ãƒ¼ãƒ³ã‚¼ãƒ­
#MMD #bibbidiba #ãƒ“ãƒ“ãƒ‡ãƒ 
#Grace #ê·¸ë ˆì´ìŠ¤ #ã‚°ãƒ¬ãƒ¼ã‚¹",2.88 minutes,Unknown,11894,2024-09-06T08:45:03Z,https://www.youtube.com/watch?v=pivGafcU0DQ
The broken toaster | credits: @Electronmiku | #hatsunemiku #vocaloid #miku #mmd #talkloid,,0.45 minutes,Unknown,11736,2024-09-30T23:28:14Z,https://www.youtube.com/watch?v=be2elQRCQIA
#vocaloid #hatsunemiku #miku #projectsekai #anime #mmd #talkloid #idkwhattoputhere,,0.45 minutes,Unknown,12384,2024-10-04T03:31:27Z,https://www.youtube.com/watch?v=lUUrZonSHBQ
æˆŒç¥ã“ã‚ã­ ãƒ‘ã‚¤ãƒ‘ã‚¤ä»®é¢ã§ã©ã†ã‹ã—ã‚‰ã‚“ï¼Ÿ #vtuber #mmdãƒ›ãƒ­ãƒ©ã‚¤ãƒ– #mmd #ãƒ›ãƒ­ãƒ©ã‚¤ãƒ– #è¸Šã‚‰ã›ã¦ã¿ãŸ #shorts #æˆŒç¥ã“ã‚ã­,,0.27 minutes,Unknown,14264,2024-10-01T11:17:21Z,https://www.youtube.com/watch?v=aj5WteYbF4I
Michelle Dee walking at paris fashion week 2024 #michelledee #mmd #parisfashionweek,,0.52 minutes,Unknown,11100,2024-09-30T05:18:55Z,https://www.youtube.com/watch?v=ZLE8Be2uozA
Michelle Dee walking at paris fashion week 2024 #michelledee #mmd #parisfashionweek,,0.52 minutes,Unknown,11100,2024-09-30T05:18:55Z,https://www.youtube.com/watch?v=ZLE8Be2uozA
No vitamins :3 #vocaloid #hatsunemikuvocaloid #miku #hatsunemiku #mmd #anime #meloloid #viralvideo,,0.35 minutes,Unknown,10452,2024-09-28T21:17:41Z,https://www.youtube.com/watch?v=hSLNaY7iX50
çŒ«åˆãŠã‹ã‚† ãƒ‘ã‚¤ãƒ‘ã‚¤ä»®é¢ã§ã©ã†ã‹ã—ã‚‰ã‚“ï¼Ÿ #vtuber #è¸Šã£ã¦ã¿ãŸ #mmd #shorts #çŒ«åˆãŠã‹ã‚† #å®é˜ãƒãƒªãƒ³#ãƒ›ãƒ­ãƒ©ã‚¤ãƒ–,,0.27 minutes,Unknown,11791,2024-10-02T10:18:19Z,https://www.youtube.com/watch?v=TmCUvdmufqY
ëª…ì¡° íŒŒìˆ˜ì¸ ë ˆìŠ¨ì¤‘ì¸ ìœ í˜¸ #ëª…ì¡°ì›Œë”ë§ì›¨ì´ë¸Œ #wutheringwaves #mmd #shorekeeper #íŒŒìˆ˜ì¸,,0.23 minutes,Unknown,10637,2024-09-25T03:14:39Z,https://www.youtube.com/watch?v=sy9tlBttGpI
ã€ hololive MMD ã€‘ã­ã½ã‚‰ã¼ã€Blue Clapperã€‘ #BlueClapper  #mmd  #hololive #ã­ã½ã‚‰ã¼ #æ¡ƒéˆ´ã­ã­ #å°¾ä¸¸ãƒãƒ«ã‚« #é›ªèŠ±ãƒ©ãƒŸã‚£ #ç…ç™½ã¼ãŸã‚“,"#BlueClapper  #mmd #ã­ã½ã‚‰ã¼ #æ¡ƒéˆ´ã­ã­ #å°¾ä¸¸ãƒãƒ«ã‚« #é›ªèŠ±ãƒ©ãƒŸã‚£ #ç…ç™½ã¼ãŸã‚“
æ›²ï¼šã‚ãŸã—ã‚’ç”˜ã‚„ã‹ã™ãªã‚‰
ä½œè©ï¼ä½œæ›²ï¼ç·¨æ›²ï¼šãƒ¤ãƒãƒ¢ãƒˆã‚·ãƒ§ã‚¦
Mixï¼šä½é‡é›„é£›
ã‚¢ãƒ¼ãƒ†ã‚£ã‚¹ãƒˆï¼šé›ªèŠ±ãƒ©ãƒŸã‚£

Stage:H2CUé˜¿ç›¸
modelï¼šhololive
ãƒ¢ãƒ¼ã‚·ãƒ§ãƒ³åˆ¶ä½œï¼škemoã€çš‡æ¡”æ¢—

Effect:Mashimashi/soboro/ikeno/beamman/mfakane/o_tamon/P.I.P/cellYukari/å‘‰çŸ³/less/ä¸‹ã£è…¹P",0.77 minutes,Unknown,10311,2024-09-29T09:00:49Z,https://www.youtube.com/watch?v=se85G4egkbA
#vocaloid #miku #hatsunemiku #anime #mmd #meloloid #talkloid #blender #roblox #funny,,0.37 minutes,Unknown,9595,2024-10-02T23:00:05Z,https://www.youtube.com/watch?v=AuQVBBX53vc
[MMD/Wuthering Waves] The Shorekeeper - Gomi Gomi,"If you like this video, please subscribe to my channel.

MMD animation #TheShorekeeper #mmd #WutheringWaves #WuWa 

Model : Kuro Games, Guangzhou Kuluo Technology Co., Ltd. é¸£æ½®/ç™½æ³½

Motion: á—°EI

Song: Gomi Gomi",0.18 minutes,Gomi Gomi,9262,2024-09-25T15:32:21Z,https://www.youtube.com/watch?v=sxwqY7s4geM
ã€MMD RWBY ã€‘ I wanna dance | Blake,"Want more lewd ğŸ‘€ ?
Patreon: patreon.com/ABFMMD
Twitter.com : @ABF_MMD

#MMD #RWBY  #Fanmade

RWBYÂ© Rooster teeth

#MMD
#dance 
#RWBY
#blake
#yang
#ruby
#Weiss
#danceanimation",0.95 minutes,Unknown,9348,2024-10-05T15:37:55Z,https://www.youtube.com/watch?v=1VpeJ6PXftg
Ft @Kiki_yoghurt @Akane_Ichigo @sigemoycarissa16 #vocaloid #hatsunemiku #miku #mmd,,0.37 minutes,Unknown,9029,2024-10-02T07:52:39Z,https://www.youtube.com/watch?v=L1IxBiAgRLM
Broken toaster #vocaloid #projectsekai #mmd,,0.45 minutes,Unknown,8874,2024-10-03T15:05:20Z,https://www.youtube.com/watch?v=D15sGFlCyc4
#miku #hatsunemiku #anime #vocaloid #mmd #meloloid #talkloid #blender #roblox #funkopop,,0.35 minutes,Unknown,9614,2024-10-03T14:27:16Z,https://www.youtube.com/watch?v=6kdQxWR7sMU
#vocaloid #hatsunemiku #miku #mmd #meloloid #talkloid #blender #animation #kuromi,,0.38 minutes,Unknown,8416,2024-10-02T02:07:02Z,https://www.youtube.com/watch?v=duWeu1Gk-pY
#vocaloid #miku #hatsunemiku #anime #mmd #meloloid #talkloid #blender #furry  @FurryFeedbackHub,,0.37 minutes,Unknown,7991,2024-09-29T07:16:35Z,https://www.youtube.com/watch?v=Uwc0UM--62E
DDLC Go Shopping #vocaloid #hatsunemikuvocaloid #miku #hatsunemiku #anime #mmd #meloloid #talkloid,,0.35 minutes,Unknown,9244,2024-09-30T23:56:47Z,https://www.youtube.com/watch?v=7WMFgTLd9Yc
Vocaloids be like: #vocaloid #hatsunemiku #miku #projectsekai #anime #mmd #talkloid #pjsk,,0.45 minutes,Unknown,7555,2024-09-30T10:16:07Z,https://www.youtube.com/watch?v=VXZfPxYPGDE
Ada apa dengan Yuta?:#sakuraschoolsimulator #yanderesimulator #mmd #yandere #sakura #æ­Œã£ã¦ã¿ãŸ,,0.28 minutes,Unknown,7284,2024-09-30T05:23:06Z,https://www.youtube.com/watch?v=ZomK_KGXyPw
ã€–åŸç¥ : Genshin Impact MMDï¼4Kï¼60FPSã€Magneticã€Hu Tao/èƒ¡æ¡ƒ/ãƒ•ãƒ¼ã‚¿ã‚ª/í˜¸ë‘ã€#magnetic #shorts #mmd #genshinimpact,"â¦ support me: https://ko-fi.com/domorii

â­ request @MariArt23


à®œà³‹ğŸŒºã€ŒModelsã€

 â€¢â¤ HoYoverse & Manashiku


à®œà³‹ğŸŒºã€ŒMotionã€

 â€¢â¤ @mugi_1633


à®œà³‹ğŸŒºã€ŒSongã€

 â€¢â¤ ILLIT (ì•„ì¼ë¦¿) â€˜Magneticâ€™

 
à®œà³‹ğŸŒºã€ŒMMEã€ 

 â€¢â¤ MotionBlur3
 â€¢â¤ HgSAO_v002
 â€¢â¤ NCHLShader2
 â€¢â¤ AutoLuminous
 â€¢â¤ PowerDOF_v005
 â€¢â¤ LightBloom-1.1.1
 â€¢â¤ o_SelfOverlay_v0_6
 â€¢â¤ o_SurplusFilter_v0_3


à®œà³‹ğŸŒºã€ŒSoftwereã€ 

 â€¢â¤ MikuMikuDance
 â€¢â¤ Adobe Premiere Pro 2023


#mmd #genshinimpact #magnetic #hutao #èƒ¡æ¡ƒ #ãƒ•ãƒ¼ã‚¿ã‚ª #í˜¸ë‘ #hutaobanner #hutaogenshin #hutaoedits #hutaogenshinimpact #hutaobuild #hutaodoublehydro #hutaocosplay #pyro #polearm #hp #illit_magnetic #illit #illitmagnetic #ì›ì‹  #ì•„ì¼ë¦¿ #fyp #fypã‚· #mmdåŸç¥ #åŸç¥ #fyptiktok #show #hot #fire #mommy #mommys #wifes #animewaifu #animewaifuedit #animewaifus #miku #youtubeshorts #mikumikudance #anime #hoyoverse #mihoyo #kawaiianime #kawaii #music #musicvideo #youtube #genshinmeme #genshinmemepact #feed #motion #dancevideo #hoyoversegames #mihoyogames #mihoyochina #youtubevideo #4k #60fps #mihoyo #hoyoversegame #mmdgenshinimpact #genshinimpactmmd #mihoyogenshinimpact #genshinmemes #genshin #genshinimpactmemes #genshinimpactmeme #meme #girls #girl #animegirls #animegirl #mmdmeme #åŸç¥MMD #woman #internet #womanpower #dancing #mmdmotion #mmddance #mmdmotiomdance #shortsvideo #animation #3d #3danimation #memes #short #trend #funny #funnyvideo #show #wife #waifu #waifuedit #waifusedit #waifusedits #waifus #hoyolab #hololive #hoyocreators #hoyomix #hoyo #choreography #choreographydance #video #videoanimation #videoanimations #choreographyvideo #cute #media #adobepremierepro #adobe #edits #edit #tiktok #2024shorts #2024 #feedshorts #feedback #åŸç¥project #ì›ì‹ MMD",0.20 minutes,Unknown,7213,2024-09-25T10:46:03Z,https://www.youtube.com/watch?v=kZY3fjRL2To
Toaster broken #vocaloid #hatsunemiku #miku #projectsekai #anime #mmd #talkloid,,0.45 minutes,Unknown,6950,2024-10-02T06:53:38Z,https://www.youtube.com/watch?v=fAmJzGXExTA
Hi #vocaloid #hatsunemiku #miku #projectsekai #anime #mmd #talkloid,,0.33 minutes,Unknown,9068,2024-10-04T04:41:39Z,https://www.youtube.com/watch?v=3eszdcPOFKM
#vocaloid #hatsunemiku #miku #anime #funny #meloloid #mmd #talkloid #blender #animation,,0.35 minutes,Unknown,7486,2024-10-02T01:58:56Z,https://www.youtube.com/watch?v=94RKER6vaww
ã€ã‚¼ãƒ³ã‚¼ãƒ­ Zenless Zone Zero MMDã€‘ White Horse | Ellen,"____________________________________________________
Want more lewd ğŸ‘€ ?
Patreon: patreon.com/ABFMMD
Twitter.com : @ABF_MMD

#MMD #ZenlessZoneZero

ZenlessZoneZero Â© Mihoyo

#ç»åŒºé›¶ #çµ•å€é›¶ #ZenlessZoneZero #ì  ë ˆìŠ¤ì¡´ì œë¡œ #ã‚¼ãƒ³ãƒ¬ã‚¹ã‚¾ãƒ¼ãƒ³ã‚¼ãƒ­ #çŒ«åˆãŠã‹ã‚† 
#MMD #nekomata 
#Ellen #ì—˜ë Œ #ã‚¨ãƒ¬ãƒ³",0.23 minutes,Unknown,6991,2024-09-29T22:19:59Z,https://www.youtube.com/watch?v=uddl95QI9vM
Talkloids be like: The broken toaster (Meloloid) #vocaloid #talkloid #mmd,"#gacha #gachaedit #miku #vocaloid
âœ¨ğŸ”¥
anyway love yall 
and og is @electronmiku",0.43 minutes,Unknown,7001,2024-09-28T21:57:04Z,https://www.youtube.com/watch?v=2k12m4T4AEQ
ãƒ ã‚¢ãƒ©ãƒ‹ğŸ¦ˆã‚«ãƒãƒ¼ãƒŠâš ï¸ã‚­ã‚£ãƒ‹ãƒğŸŸ©ï¼ã¾ã„ãŸã‘ãƒ€ãƒ³ã‚¹ã€åŸç¥/MMD/Genshin impactã€‘#åŸç¥ #genshinimpact #MMD #mualani #kinich #kachina,"ãƒ ã‚¢ãƒ©ãƒ‹ğŸ¦ˆã‚«ãƒãƒ¼ãƒŠâš ï¸ã‚­ã‚£ãƒ‹ãƒğŸŸ©ï¼ã¾ã„ãŸã‘ãƒ€ãƒ³ã‚¹ã€åŸç¥/MMD/Genshin impactã€‘
#hoyocreators #Natlan #ãƒ ã‚¢ãƒ©ãƒ‹ #ã‚­ã‚£ãƒ‹ãƒ #ã‚«ãƒãƒ¼ãƒŠ #hololive #ã¾ã„ãŸã‘ã¾ã„ãŸã‘ãã‚‹ãã‚‹ãã‚‹ãã‚‹ #å„’çƒé¢¨äº­ã‚‰ã§ã‚“ #shorts 

â•­â”â”â”â”â”â”â”â”â”â•®
  ğŸ’– åŸç¥äº¤æ›ã‚³ãƒ¼ãƒ‰ ğŸ’–
â•°â”â”â”â”ï½–â”â”â”â”â•¯
Ë—Ë‹Ë WORF5FKC3873 ËËŠË—

ã¿ã‚“ãªã‚¢ã‚¤ãƒ†ãƒ ã‚²ãƒƒãƒˆã—ã¦ã­â£ï¸â£ï¸
ã„ã¤ã‚‚ã‚ã‚ŠãŒã¨ã†â‚â‚â½â½Ù©(áŸ¸áŸ¸â€ºá´—â€¹áŸ¸áŸ¸)Û¶â¾â¾â‚â‚ğŸ’“

ğŸ€æœ‰åŠ¹æœŸé–“ï¼š2024-08-28ã€œ2024-10-08 23:59
ğŸ€ã‚¢ã‚¤ãƒ†ãƒ å†…å®¹ï¸°å†’é™ºå®¶ã®çµŒé¨“*10,ãƒ¢ãƒ©*10000,ä»•ä¸Šã’ç”¨è‰¯é‰±*5,ã‚µã‚¦ãƒªã‚¢ãƒ³ã‚µã‚­ãƒ¥ãƒ¬ãƒ³ãƒˆ*3
ğŸ€æ³¨æ„äº‹é …ï¸°åŒã˜ã‚·ãƒªãƒ¼ã‚ºï¼ˆæœ€åˆ4æ¡ã¯åŒã˜ï¼‰ã®ã‚®ãƒ•ãƒˆã‚³ãƒ¼ãƒ‰ã¯1ã¤ã®ãƒãƒ¼ã‚¸ãƒ§ãƒ³ã§1ã¤ã®ã‚³ãƒ¼ãƒ‰ã®ã¿äº¤æ›ã§ãã¾ã™ã€‚

ã“ã“ã‹ã‚‰ã‚‚ã‚‰ãˆã‚‹ã‚ˆâ–¶ï¸ https://genshin.hoyoverse.com/m/ja/gift?code=WORF5FKC3873

ãŠå€Ÿã‚Šã—ãŸã‚‚ã®ï¼ˆæ•¬ç§°ç•¥ï¼‰

â™¡Musicï¼šå„’çƒé¢¨äº­ã‚‰ã§ã‚“ã€ã¾ã„ãŸã‘ãƒ€ãƒ³ã‚¹ã€
â™¡Modelï¼šmiHoYo åŸç¥
â™¡Motionï¼ˆä¸€éƒ¨æ”¹å¤‰ï¼‰ : å…«ãƒ„æ©‹ã¾ã‚ã‚“
â™¡Effects :ãŠãŸã‚‚ã‚“,ãã‚ãã¾,ã‚µãƒ³ãƒ‰ãƒãƒ³,ã‚µãƒ³ãƒ•ãƒ©ãƒ¯ãƒ¼ãµã˜,ãã¼ã‚,ãƒãƒ³,é‡é‡‘P,ãƒ“ãƒ¼ãƒ ãƒãƒ³P,ikeno,P.I.P,rui,winglayer

ã‚ã‚ŠãŒã¨ã†ã”ã–ã„ã¾ã™â•

ğŸ’–è»¢è¼‰ç¦æ­¢
ğŸ’–Unauthorized reproduction prohibited.",0.40 minutes,Unknown,6956,2024-09-28T10:01:00Z,https://www.youtube.com/watch?v=rJRgP-YufzU
Nooo #vocaloid #hatsunemikuvocaloid #miku #anime #mmd,,0.33 minutes,Unknown,6450,2024-10-01T19:25:03Z,https://www.youtube.com/watch?v=NLYJVW0v9fY
Pikuniku Dance #mmd #motion,"#shorts  #è¸Šã‚‰ã›ã¦ã¿ãŸ

[Original] https://x.com/PikuNikuGame/status/1799265247041310841
PikuNikuGame

[MOTION] https://wafuka.fanbox.cc/posts/8623567
è‡ªä½œ Self-made",0.23 minutes,Unknown,6942,2024-09-29T00:51:22Z,https://www.youtube.com/watch?v=URN2fLMuq78
ã•ã‹ãªï½ã¡ã‚“ã‚ãªã”ï½ / è½Ÿã¯ã˜ã‚ x éŸ³ä¹ƒç€¬å¥ã€Hololive MMDã€‘#éŸ³ä¹ƒç€¬å¥ #è½Ÿã¯ã˜ã‚ #ãƒªã‚³ãƒªã‚¹ãƒªã‚³ã‚¤ãƒ« #hololive #mmd #shorts,"ã•ã‹ãªï½ã¡ã‚“ã‚ãªã”ï½ / è½Ÿã¯ã˜ã‚ x éŸ³ä¹ƒç€¬å¥ã€Hololive MMDã€‘#éŸ³ä¹ƒç€¬å¥ #è½Ÿã¯ã˜ã‚ #ãƒªã‚³ãƒªã‚¹ãƒªã‚³ã‚¤ãƒ« #hololive #mmd #shorts

ğŸ’¾ ï¿¤MMD Source(æ•¬ç¨±ç•¥)
ï¿£ï¿£ï¿£ï¿£ï¿£ï¿£ï¿£ï¿£ï¿£ï¿£ï¿£ï¿£ï¿£ï¿£ï¿£ï¿£ï¿£ï¿£ï¿£ï¿£ï¿£ï¿£ï¿£ï¿£ï¿£ï¿£ï¿£
Modelï¼škanaiannzenm
Stageï¼šãã¦ã‚‹ã«, nonon
Motionï¼š Gonzo Shan
Effect : é‡é‡‘P/ikeno/ç€¬å°¾/P.I.P/KH40/ãã¼ã‚/ãƒ“ãƒ¼ãƒ ãƒãƒ³P/è§’ç ‚ç³–
Musicï¼šãƒªã‚³ãƒªã‚¹ãƒ»ãƒªã‚³ã‚¤ãƒ« / A-1 Pictures

ğŸ” ï¿¤Hash Tag
ï¿£ï¿£ï¿£ï¿£ï¿£ï¿£ï¿£ï¿£ï¿£ï¿£ï¿£ï¿£ï¿£ï¿£ï¿£ï¿£ï¿£ï¿£ï¿£ï¿£ï¿£ï¿£ï¿£ï¿£ï¿£ï¿£ï¿£
#ãƒªã‚³ãƒªã‚¹ãƒªã‚³ã‚¤ãƒ« #ã•ã‹ãª #ã¡ã‚“ã‚ãªã” #è‰å¯éº—çµ² #lycorisrecoil 
#è½Ÿã¯ã˜ã‚ #todorokihajime #regloss #ç•ªé•· #è½Ÿ 
#éŸ³ä¹ƒç€¬å¥ #otonosekanade  #å°é› #kanade
#vtuber #hololive #regloss #ãƒ›ãƒ­ãƒ©ã‚¤ãƒ–
ï¿£ï¿£ï¿£ï¿£ï¿£ï¿£ï¿£ï¿£ï¿£ï¿£ï¿£ï¿£ï¿£ï¿£ï¿£ï¿£ï¿£ï¿£ï¿£ï¿£ï¿£ï¿£ï¿£ï¿£ï¿£ï¿£ï¿£",0.10 minutes,Unknown,5946,2024-09-30T00:53:20Z,https://www.youtube.com/watch?v=MN5Ydsqc5JI
å¤©éŸ³ã‹ãªãŸ ãƒ‘ã‚¤ãƒ‘ã‚¤ä»®é¢ã§ã©ã†ã‹ã—ã‚‰ã‚“ï¼Ÿ #vtuber #mmd #mmdãƒ›ãƒ­ãƒ©ã‚¤ãƒ– #ãƒ›ãƒ­ãƒ©ã‚¤ãƒ– #è¸Šã‚‰ã›ã¦ã¿ãŸ #è¸Šã£ã¦ã¿ãŸ #shorts #å¤©éŸ³ã‹ãªãŸ,,0.27 minutes,Unknown,6824,2024-10-01T11:21:26Z,https://www.youtube.com/watch?v=ZnWPZg-iikE
Barbara x Jean vanitosa danceã€Genshin impact MMDã€‘#shorts #mmd #èŠ­èŠ­æ‹‰ #barbara #ãƒãƒ¼ãƒãƒ© #jean #ã‚¸ãƒ³,"Thank all the creators
Modelï¼šmiHoYo/è§‚æµ·
Motionï¼šmikuqueen
Effectï¼šå°äºŒä»Šå¤©åƒå•¥å•Š
If you enjoy the videos I create, kindly click the heart icon It means a lot to me. Thank you very much.
Follow me for the latest updates.",0.22 minutes,Unknown,5635,2024-09-24T07:28:34Z,https://www.youtube.com/watch?v=8oychbRS52M
Dive to Blue miComet #anime #mmd #shorts #vtuber #æ˜Ÿè¡—ã™ã„ã›ã„ #ã•ãã‚‰ã¿ã“#è¸Šã£ã¦ã¿ãŸ #ãƒ›ãƒ­ãƒ©ã‚¤ãƒ–,"â˜†Motion ã‚¢ã‚¤ãƒã‚¤ãƒ³ãƒ—ãƒ­ã‚¸ã‚§ã‚¯ãƒˆ SANYOæ§˜
â˜†å‚è€ƒ  gosari542æ§˜",0.47 minutes,Unknown,6141,2024-10-01T13:44:50Z,https://www.youtube.com/watch?v=V7PuEFJkh_g
This toasty is broken #vocaloid #hatsunemiku #miku #projectsekai #talkloid #anime #mmd #funnyimages,,0.45 minutes,Unknown,5931,2024-10-03T13:08:22Z,https://www.youtube.com/watch?v=LwfhGK_c4hg
ã€ãƒ›ãƒ­ãƒ©ã‚¤ãƒ–MMDã€‘ãƒ‘ã‚¤ãƒ‘ã‚¤ä»®é¢ã¯ã©ã†ã‹ã—ã‚‰ã‚“ï¼Ÿ/å®é˜ãƒãƒªãƒ³ãƒ»é›ªèŠ±ãƒ©ãƒŸã‚£ #shorts #mmd #hololive #å®é˜ãƒãƒªãƒ³ #é›ªèŠ±ãƒ©ãƒŸã‚£ #ãƒ‘ã‚¤ãƒ‘ã‚¤ä»®é¢ã¯ã©ã†ã‹ã—ã‚‰ã‚“ï¼Ÿ,"#mmd #hololive #å®é˜ãƒãƒªãƒ³ #é›ªèŠ±ãƒ©ãƒŸã‚£ #ãƒ‘ã‚¤ãƒ‘ã‚¤ä»®é¢ã¯ã©ã†ã‹ã—ã‚‰ã‚“ï¼Ÿ

â—ãŠå€Ÿã‚Šã—ãŸã‚‚ã®
Song:ã€original anime MVã€‘ãƒ‘ã‚¤ãƒ‘ã‚¤ä»®é¢ã§ã©ã†ã‹ã—ã‚‰ã‚“ï¼Ÿ
Motion:å…¬å¼æ§˜
Model:Â© 2016 COVER Corp.æ§˜
Stage:haziæ§˜
Effects:Ruiæ§˜ã€ãã¼ã‚æ§˜ã€é‡é‡‘Pæ§˜ã€åŒ–èº«ãƒãƒ¬ãƒƒã‚¿æ§˜ã€ãƒãƒ³æ§˜",0.27 minutes,Unknown,5533,2024-10-03T11:12:55Z,https://www.youtube.com/watch?v=1q5q2UptDxw
ğŸ˜#alphabetons #vocaloid #hatsunemiku #miku #mmd #meloloid #talkloid,,0.37 minutes,Unknown,5574,2024-09-29T03:40:10Z,https://www.youtube.com/watch?v=pLf74tREU-s
ã€MMD RWBY ã€‘ Oppa do you trust me ! | RWBY,"Want more lewd ğŸ‘€ ?
Patreon: patreon.com/ABFMMD
Twitter.com : @ABF_MMD

#MMD #RWBY  #Fanmade

RWBYÂ© Rooster teeth

#MMD
#dance 
#RWBY
#blake
#yang
#ruby
#Weiss
#danceanimation",3.35 minutes,Unknown,6178,2024-10-03T08:48:43Z,https://www.youtube.com/watch?v=Tsfpe-bk6wo
ğŸ¨It's broken ğŸ¨ #vocaloid #miku #hatsunemiku #meloloid #mmd #talkloid #blender #anime,,0.33 minutes,Unknown,6060,2024-09-30T16:29:34Z,https://www.youtube.com/watch?v=BpEeOZM9K8w
ã€ã‚¼ãƒ³ã‚¼ãƒ­ Zenless Zone Zero MMDã€‘ Magic Boom | Belle,"____________________________________________________
Want more lewd ğŸ‘€ ?
Patreon: patreon.com/ABFMMD
Twitter.com : @ABF_MMD

#MMD #ZenlessZoneZero

ZenlessZoneZero Â© Mihoyo

#ç»åŒºé›¶ #çµ•å€é›¶ #ZenlessZoneZero #ì  ë ˆìŠ¤ì¡´ì œë¡œ #ã‚¼ãƒ³ãƒ¬ã‚¹ã‚¾ãƒ¼ãƒ³ã‚¼ãƒ­ #çŒ«åˆãŠã‹ã‚† 
#MMD #nekomata #belle 
#Ellen #ì—˜ë Œ #ã‚¨ãƒ¬ãƒ³",0.72 minutes,Unknown,5058,2024-09-30T05:30:08Z,https://www.youtube.com/watch?v=y65OqrghXj8
#vocaloid #hatsunemikuvocaloid #miku #hatsunemiku #anime #mmd #meloloid #talkloid #blender #memes,,0.33 minutes,Unknown,5530,2024-10-02T08:27:32Z,https://www.youtube.com/watch?v=1d24KJx4S4o
æ‰“ã¡ä¸Šã’ã‚¿ãƒ«å¤§ç ²ã€ã‚„ã‚ŠãŸã„æ”¾é¡Œã€‘#shorts   #mmd #æ±æ–¹project #ã‚†ã£ãã‚Šå®Ÿæ³ #ã‚²ãƒ¼ãƒ å®Ÿæ³ #ãƒãƒªã‚ªvsãƒ‰ãƒ³ã‚­ãƒ¼ã‚³ãƒ³ã‚°,"Twitterï¼ˆç¾Xï¼‰ï¼šhttps://twitter.com/_silence0405
FANBOXï¼ˆå°‚ç”¨ã‚µãƒ¼ãƒãƒ¼ã§éŠã‚“ã§ã¾ã™ï¼‰ï¼šhttps://silence0405.fanbox.cc/
ã€ã”æ„è¦‹/æ„Ÿæƒ³ã¯ã“ã¡ã‚‰ã€‘https://peing.net/ja/me/home?tab=received

â€»ã“ã®å‹•ç”»ã¯ã€æ±æ–¹projectã€‘ã‚’åŸºã«ã—ãŸäºŒæ¬¡å‰µä½œã§ã™ã€‚
æ±æ–¹Projectã®äºŒæ¬¡å‰µä½œã‚¬ã‚¤ãƒ‰ãƒ©ã‚¤ãƒ³
https://touhou-project.news/guideline/

ç«‹ã¡çµµï¼šç‡ˆå¼¥",0.35 minutes,Unknown,6588,2024-10-04T09:00:54Z,https://www.youtube.com/watch?v=kqWKLGTeB_4
ã‚½ãƒ‹ãƒƒã‚¯ãƒ–ãƒ¼ãƒ ã€ã‚„ã‚ŠãŸã„æ”¾é¡Œã€‘#shorts   #mmd #æ±æ–¹project #ã‚†ã£ãã‚Šå®Ÿæ³ #ã‚²ãƒ¼ãƒ å®Ÿæ³ #ãƒãƒªã‚ªvsãƒ‰ãƒ³ã‚­ãƒ¼ã‚³ãƒ³ã‚°,"Twitterï¼ˆç¾Xï¼‰ï¼šhttps://twitter.com/_silence0405
FANBOXï¼ˆå°‚ç”¨ã‚µãƒ¼ãƒãƒ¼ã§éŠã‚“ã§ã¾ã™ï¼‰ï¼šhttps://silence0405.fanbox.cc/
ã€ã”æ„è¦‹/æ„Ÿæƒ³ã¯ã“ã¡ã‚‰ã€‘https://peing.net/ja/me/home?tab=received

â€»ã“ã®å‹•ç”»ã¯ã€æ±æ–¹projectã€‘ã‚’åŸºã«ã—ãŸäºŒæ¬¡å‰µä½œã§ã™ã€‚
æ±æ–¹Projectã®äºŒæ¬¡å‰µä½œã‚¬ã‚¤ãƒ‰ãƒ©ã‚¤ãƒ³
https://touhou-project.news/guideline/

ç«‹ã¡çµµï¼šç‡ˆå¼¥",0.23 minutes,Unknown,5049,2024-10-03T09:00:02Z,https://www.youtube.com/watch?v=30_qodA1etA
Furina Doodle Danceã€Genshin impact MMDã€‘#shorts #mmd #èŠ™å®å¨œ #furina #ãƒ•ãƒªãƒ¼ãƒŠ,"Furina Doodle Danceã€Genshin impact MMDã€‘
Thank all the creators
Modelï¼šmiHoYo/è§‚æµ·
Motionï¼šmikuqueen
Effectï¼šå°äºŒä»Šå¤©åƒå•¥å•Š",0.22 minutes,Unknown,6008,2024-10-01T20:30:01Z,https://www.youtube.com/watch?v=LsVTTqJ18iM
ã€ã‚¼ãƒ³ã‚¼ãƒ­ Zenless Zone Zero Short MMDã€‘Poppy | Nicole,"Motion by STAYC
____________________________________________________
Want more lewd ğŸ‘€ ?
Patreon: patreon.com/ABFMMD
Twitter.com : @ABF_MMD

#MMD #ZenlessZoneZero

ZenlessZoneZero Â© Mihoyo

#ç»åŒºé›¶ #çµ•å€é›¶ #ZenlessZoneZero #ì  ë ˆìŠ¤ì¡´ì œë¡œ #ã‚¼ãƒ³ãƒ¬ã‚¹ã‚¾ãƒ¼ãƒ³ã‚¼ãƒ­
#MMD
#Ellen #ì—˜ë Œ #ã‚¨ãƒ¬ãƒ³ #nicole",0.80 minutes,Unknown,4768,2024-09-30T01:09:08Z,https://www.youtube.com/watch?v=vTkzYaPCRok
ğŸ’–à®•à®¾à®²à¯ à®•à¯Šà®²à¯à®šà¯ ğŸ˜œ #short #shortvideo #funny #comady #mmd #bmx #lkg #rc #cc #mns #pink #pyar #eft #ok,,1.00 minutes,Unknown,5407,2024-10-03T03:27:34Z,https://www.youtube.com/watch?v=9ocKmRdQzkQ
Delayed bus #vocaloid #hatsunemiku #miku #mmd #vtuber,,0.37 minutes,Unknown,4816,2024-10-01T19:47:29Z,https://www.youtube.com/watch?v=Mwc7YVjpRAs
#vocaloid #hatsunemiku #miku #mmd #vtuber #meloloid #talkloid,,0.37 minutes,Unknown,4179,2024-09-29T14:18:37Z,https://www.youtube.com/watch?v=CCgV1XFfNJc
My toaster is broken ): #miku #hatsunemiku #vocaloid #projectsekai #anime #mmd #talkloid #randompost,,0.40 minutes,Unknown,4135,2024-09-29T06:55:22Z,https://www.youtube.com/watch?v=zf0v8Z0TFWM
âš éŸ³é‡æ³¨æ„âš ã€MMDã‚¢ãƒ‹ãƒ¡ã€‘è¿·æƒ‘é›»è©±æ’ƒé€€æ³•ww #Vtuber #MMD ã€ãƒ‘ãƒ­ãƒ‡ã‚£ãƒ¼ã€‘,"ï¼¸ã§è¦‹ã‹ã‘ãŸã‚¤ãƒ³ãƒ‰ã®æ–¹ã®è¿·æƒ‘é›»è©±æ’ƒé€€æ³•ãŒå¼·ã™ãã¦
å¥½ããªã®ã§å†ç¾ã‚¢ãƒ‹ãƒ¡ã‚’ï¼­ï¼­ï¼¤ã§ä½œã£ã¦ã¿ã¾ã—ãŸã€‚

å…ƒãƒã‚¿/éŸ³æºï¼šhttps://x.com/indoeyokoso/status/1694920960036819202

MMDå†ç¾ã‚¢ãƒ‹ãƒ¡ãƒ¼ã‚·ãƒ§ãƒ³ï¼šå‡ºå£è²å¤«
å’Œå®¤ï¼šãƒ ãƒ ãƒ 
ã‚¹ãƒãƒ›ï¼šãƒ­ã‚°å¤ª
ãƒœã‚¦ãƒ«ï¼šå¾…ã¤
ãƒ•ãƒ©ã‚¤è¿”ã—ï¼šã‚­ãƒ£ãƒ™ãƒ„é‰¢
èˆ¬è‹¥é¢ï¼šã‚­ãƒ„ãƒãƒ„ã‚­
MMEï¼šãƒ“ãƒ¼ãƒ ãƒãƒ³P/ikeno/è§’ç ‚ç³–

ï¼ˆæ•¬ç§°ç•¥ï¼‰

âš™âš™âš™âš™âš™âš™âš™âš™âš™âš™âš™âš™âš™âš™âš™âš™âš™âš™âš™âš™âš™âš™âš™âš™âš™âš™âš™âš™âš™

ã€€â–¡é…ä¿¡äºˆå®šè¡¨
ã€€ã€€ã€€ https://bit.ly/3mlcwKA

ã€€â–  Twitter 
ã€€ã€€ã€€ https://twitter.com/DeguchiSadao
ã€€ã€€ã€€ 
ã€€â–¡ Profile
ã€€ã€€ã€€ https://www.meish.me/i/xxxDeGuChixxx
ã€€
ã€€â–  ãƒã‚·ãƒ¥ãƒãƒ­
ã€€ã€€ ã€€https://marshmallow-qa.com/DeguchiSadao

ã€€â–¡ãƒ¡ãƒ³ãƒãƒ¼ã‚·ãƒƒãƒ—
ã€€ã€€ã€€ https://www.youtube.com/channel/UCXcHCRF76lmFahCBcY0V41w/join
ã€€ ã€€
ã€€â– ã‚°ãƒƒã‚ºè²©å£²ã‚·ãƒ§ãƒƒãƒ—
ã€€ã€€ã€€https://deguchisadao.booth.pm/
ã€€ ã€€
âš™âš™âš™âš™âš™âš™âš™âš™âš™âš™âš™âš™âš™âš™âš™âš™âš™âš™âš™âš™âš™âš™âš™âš™âš™âš™âš™âš™âš™

KatzeProjectå…¬å¼Twitter
ã€€ã€€https://twitter.com/KatzeProject

âš™âš™âš™âš™âš™âš™âš™âš™âš™âš™âš™âš™âš™âš™âš™âš™âš™âš™âš™âš™âš™âš™âš™âš™âš™âš™âš™âš™âš™

ã€ã‚¿ã‚°ã¾ã¨ã‚ã€‘
#å€‹äººvtuber #Vtuber #ã‚¢ãƒ‹ãƒ¡ãƒ¼ã‚·ãƒ§ãƒ³

âš™âš™âš™âš™âš™âš™âš™âš™âš™âš™âš™âš™âš™âš™âš™âš™âš™âš™âš™âš™âš™âš™âš™âš™âš™âš™âš™âš™âš™",0.12 minutes,Unknown,4050,2024-09-29T05:53:20Z,https://www.youtube.com/watch?v=FaoVB7fIIqQ
ã€æ±æ–¹MMDã€‘éƒ¨æ´»ã‚ã‚‹ã‚ã‚‹ã€€#éƒ¨æ´»ã‚ã‚‹ã‚ã‚‹ã€€#MMDã€€#åšéº—éœŠå¤¢ã€€#æ±é¢¨è°·æ—©è‹—ã€€#å°„å‘½ä¸¸æ–‡ã€€#å››å­£æ˜ å§«ã€€#shorts,"ä½œï¼šTM

ãƒ¢ãƒ‡ãƒ«
https://www.nicovideo.jp/watch/sm16945065
https://seiga.nicovideo.jp/seiga/im8815351
https://3d.nicovideo.jp/works/td40173

ã‚¹ãƒ†ãƒ¼ã‚¸
https://seiga.nicovideo.jp/seiga/im10922142

å¹ãå‡ºã—
https://mangasozai.com/",0.35 minutes,Unknown,3849,2024-10-04T12:03:08Z,https://www.youtube.com/watch?v=5GIRoD4bCg4
ã†ã„éº¦ç•‘ã§ã¤ã‹ã¾ãˆã¦ / å¤§ç©ºæ˜´ã€Hololive MMDã€‘#å¤§ç©ºã‚¹ãƒãƒ« #ã—ãã‚Œã†ã„ #ã†ã„éº¦ç•‘ã§ã¤ã‹ã¾ãˆã¦  #hololive  #mmd #shorts,"ã†ã„éº¦ç•‘ã§ã¤ã‹ã¾ãˆã¦ / å¤§ç©ºæ˜´ã€Hololive MMDã€‘#å¤§ç©ºã‚¹ãƒãƒ« #ã—ãã‚Œã†ã„ #ã†ã„éº¦ç•‘ã§ã¤ã‹ã¾ãˆã¦  #hololive  #mmd #shorts

ğŸ’¾ ï¿¤MMD Source
ï¿£ï¿£ï¿£ï¿£ï¿£ï¿£ï¿£ï¿£ï¿£ï¿£ï¿£ï¿£ï¿£ï¿£ï¿£ï¿£ï¿£ï¿£ï¿£ï¿£ï¿£ï¿£ï¿£ï¿£ï¿£ï¿£ï¿£
Modelï¼šãƒªãƒªã‚¯@ririku3d
Motionï¼šNHQ , QuickMagic
Effects : é‡é‡‘P, å¤ªãµã¡ã‚¨ãƒ•ã‚§ã‚¯ãƒˆ, ikeno, P.I.P, KH40, ç€¬å°¾, sovoro, è§’ç ‚ç³–
Original MV : ãã‚ã¨ã‚“æ§˜
Shorts KIT : @arume58
Musicï¼šã†ã„éº¦ç•‘ã§ã¤ã‹ã¾ãˆã¦ / ã—ãã‚Œã†ã„
https://www.youtube.com/watch?v=5uaHMmcReI0

ğŸ” ï¿¤Hash Tag
ï¿£ï¿£ï¿£ï¿£ï¿£ï¿£ï¿£ï¿£ï¿£ï¿£ï¿£ï¿£ï¿£ï¿£ï¿£ï¿£ï¿£ï¿£ï¿£ï¿£ï¿£ï¿£ï¿£ï¿£ï¿£ï¿£ï¿£
#ã†ã„éº¦ç•‘ã§ã¤ã‹ã¾ãˆã¦ #uimugibatakedetsukamaete #CatcherintheUi
#æ™‚é›¨ç¾½è¡£ #ã—ãã‚Œã†ã„ #51 #ã†ã„ã¾ã¾ã€€#ç¾½è¡£
#å¤§ç©ºã‚¹ãƒãƒ« #oozorasubaru  #å¤§ç©ºæ˜´
#vtuber #hololive #ãƒ›ãƒ­ãƒ©ã‚¤ãƒ– #mmd
ï¿£ï¿£ï¿£ï¿£ï¿£ï¿£ï¿£ï¿£ï¿£ï¿£ï¿£ï¿£ï¿£ï¿£ï¿£ï¿£ï¿£ï¿£ï¿£ï¿£ï¿£ï¿£ï¿£ï¿£ï¿£ï¿£ï¿£",0.48 minutes,Unknown,3899,2024-10-02T10:30:12Z,https://www.youtube.com/watch?v=021u6h3R8Fw
æ£®ã‚«ãƒªã‚ªãƒš ã€Go-Gettersã€#shorts  #è¸Šã£ã¦ã¿ãŸ  #mmd ã€#B4Nã€‘,"æ´»å‹•ä¸­ã®3äººã‚°ãƒ«ãƒ¼ãƒ—ã€ŒB4Nã€
æ¯é€±æ°´æ›œæ—¥å®šæœŸé…ä¿¡ï¼

â– ã”æœ¬å®¶æ§˜
Go-Getters
/æ£®ã‚«ãƒªã‚ªãƒšæ§˜
https://youtu.be/j7RbmhKeaZs?si=bb49L6Yih-9b6op7

ã‚¨ãƒ•ã‚§ã‚¯ãƒˆ
è£½ä½œï¼šãã¼ã‚æ§˜
ã‚¹ãƒ†ãƒ¼ã‚¸
NNGNæ§˜

B4N
HPãƒªãƒ³ã‚¯ https://b4n.my.canva.site/byefornow
X(Twitter) ã€€https://twitter.com/B4N_Singing

ç´«å½©ã‚¢ãƒ¡ï¼ˆAme Shisaiï¼‰
Youtubeã€€https://www.youtube.com/@AmeShisai 
X(Twitter)ã€€ https://twitter.com/Ame_Shisai

æ·±é–€ã¿ãšãï¼ˆMizuki Mikadoï¼‰
Youtubeã€€https://www.youtube.com/@mzkchannel3711 
X(Twitter)ã€€ https://twitter.com/mzk_320

å…«ç€¬ã™ãšã‹ï¼ˆSuzuka Yaseï¼‰
Youtubeã€€https://www.youtube.com/@yasesuzuka 
X(Twitter)ã€€https://twitter.com/yase25suzuka 

ãƒ•ã‚¡ãƒ³ãƒãƒ¼ãƒ ã€€B4Næ—
ãƒ•ã‚¡ãƒ³ã‚¢ãƒ¼ãƒˆã€€B4Nã‚¢ãƒ¼ãƒˆ
å®šæœŸé…ä¿¡ã‚¿ã‚°ã€€#B4Næ—å®šæœŸé›†ä¼š
B4Næ­Œã‚¿ã‚°ã€€ã€€#B4Nmusic",0.57 minutes,Unknown,3380,2024-10-01T23:00:03Z,https://www.youtube.com/watch?v=5NbesQOiU24
ã€Genshin Impact MMD/4K/60FPSã€‘Ayaka,#GenshinImpact #MMD #Ayaka #åŸç¥MMD #ç¥é‡Œç¶¾è¯ #ì›ì‹  #åŸç¥,0.15 minutes,Unknown,3394,2024-10-02T13:08:54Z,https://www.youtube.com/watch?v=GzGIYpN5Dz0
Sparkle dances to Doodle song but to you #houkaistarrail #mmd #å´©åæ˜Ÿç©¹é“é“ #sparkle  #å´©å£Šã‚¹ã‚¿ãƒ¼ãƒ¬ã‚¤ãƒ« #èŠ±ç«,Motionï¼šNHQ,0.33 minutes,Unknown,3192,2024-09-30T09:51:33Z,https://www.youtube.com/watch?v=UZ08DPhjl7w
Godzilla ï¼† Monsters ï¼† MechaGodzilla ï¼† Dinosaur #mmd #kaiju #monster #godzilla #funny #shorts,"ã€Šä¸€éƒ¨ã®å‹•ç”»ã§åºƒå‘ŠãŒä»˜ã„ã¦ã„ã¾ã™ãŒã€‹
ä¸€éƒ¨ã®å‹•ç”»ã§åºƒå‘ŠãŒä»˜ã„ã¦ã„ã¾ã™ãŒã€åç›ŠåŒ–ç”³è«‹ã¯ã—ã¦ãŠã‚Šã¾ã›ã‚“ã€‚
ã€€2020å¹´11æœˆ18æ—¥ã‚ˆã‚Šç±³å›½ã§åˆ©ç”¨è¦ç´„ãŒæ›´æ–°ã•ã‚Œã€ä»Šå›ã®å¤‰æ›´ã«ä¼´ã„ã€ŒYouTubeãƒ‘ãƒ¼ãƒˆãƒŠãƒ¼ãƒ—ãƒ­ã‚°ãƒ©ãƒ ã«å‚åŠ ã—ã¦ã„ãªã„ãƒãƒ£ãƒ³ãƒãƒ«ã®å‹•ç”»ã¸ã®åºƒå‘Šæ²è¼‰ã‚’é–‹å§‹ã—ã¾ã™ã€‚ã€ã¨ãªã£ãŸã‚ˆã†ã§ã™ã€‚
ã€€ä½¿ç”¨ã—ãŸéŸ³æ¥½ã®è‘—ä½œæ¨©è€…æ§˜ã€ã‚‚ã—ãã¯YouTubeæ§˜ã«åºƒå‘Šåç›ŠãŒç™ºç”Ÿã™ã‚‹ã¨æ€ã‚ã‚Œã¾ã™ãŒã€æŠ•ç¨¿è€…ã«åç›Šã¯ç™ºç”Ÿã„ãŸã—ã¾ã›ã‚“ã€‚

ã€ŠãŠå€Ÿã‚Šã—ãŸã‚‚ã®ã€ä½¿ç”¨ã—ãŸã‚‚ã®ã€‹
ã‚´ã‚¸ãƒ©ï¼š(æ±å®æ ªå¼ä¼šç¤¾æ§˜)
éŸ³æ¥½ï¼šã‚´ã‚¸ãƒ©ã®ãƒ†ãƒ¼ãƒ(ä¼Šç¦éƒ¨æ˜­æ§˜)
ã‚²ã‚¾ãƒ©ãƒ»ã‚¬ãƒ‹ãƒ¡ãƒ»ã‚«ãƒ¡ãƒ¼ãƒ æ±ºæˆ¦ï¼ å—æµ·ã®å¤§æ€ªç£ï¼š(æ±å®æ ªå¼ä¼šç¤¾æ§˜)
ãƒ¢ãƒ‡ãƒ«ï¼šã‚·ãƒ³ãƒ»ã‚´ã‚¸ãƒ© ç¬¬å››å½¢æ…‹ v1.05(ByNEETæ§˜ã€ASTXRAYæ§˜)
                  MMD Godzilla - Godzilla 1991 V1.1(MMDCharizardæ§˜)
å—æµ·ã®å¤§æ€ªç£ãƒ‘ãƒƒã‚¯ 1970ã€€Space Amoeba Pack (JJJæ§˜ã€MMDCharizardæ§˜)
                  Mothra Larva(MMDCharizardæ§˜)
                  King Ghidorah 2019 V2 (JJJæ§˜ã€MMDCharizardæ§˜)
ã€€ã€€ã€€ã€€  ãƒ¡ã‚«ã‚´ã‚¸ãƒ©(é—‡ã®äººæ§˜)
                 ãƒ¡ã‚«ã‚´ã‚¸ãƒ©ï¼†ã‚¬ãƒ«ãƒ¼ãƒ€(ByNEETæ§˜ã€é—‡ã®äººæ§˜)
                 ãƒ©ã‚¤ãƒ‰ã‚´ã‚¸(JJJæ§˜ã€MMDCharizardæ§˜)
                 ã‚­ãƒ³ã‚°ã‚®ãƒ‰ãƒ©(é—‡ã®äººæ§˜)
ãƒ¢ãƒ¼ã‚·ãƒ§ãƒ³ï¼šè‡ªä½œ
ã‚¹ãƒ†ãƒ¼ã‚¸ï¼šincskies_014_8k.x(aokcubæ§˜)
ã€€ã€€ã€€ã€€ã€€sorairoVer1.52x(SkyBlueæ§˜)
ã‚¨ãƒ•ã‚§ã‚¯ãƒˆï¼šEquirectangularX(ã»ã†ã‚Šãæ§˜)

#MMDã€#Godzillaã€#Kaijuã€",1.00 minutes,Unknown,3618,2024-10-04T11:00:11Z,https://www.youtube.com/watch?v=BPTRF-YGCb0
ã€Zenless Zone Zero MMDã€‘Grace Howard ã€HIBANA/ue5/4Kã€‘,"#zenlesszonezero #ã‚¼ãƒ³ã‚¼ãƒ­MMD #ã‚¼ãƒ³ã‚¼ãƒ­ #mmd
Thanks for watching!
#ç»åŒºé›¶ #çµ•å€é›¶ #ZenlessZoneZero #ì  ë ˆìŠ¤ì¡´ì œë¡œ #ã‚¼ãƒ³ãƒ¬ã‚¹ã‚¾ãƒ¼ãƒ³ã‚¼ãƒ­
#MMD
#Grace #ê·¸ë ˆì´ìŠ¤ #ã‚°ãƒ¬ãƒ¼ã‚¹",3.52 minutes,Unknown,2980,2024-07-12T09:30:02Z,https://www.youtube.com/watch?v=3jD6AZc7Hu8
#vocaloid #hatsunemiku #miku #mmd #projectsekai #meloloid #talkloid #blender #duet idk,,0.37 minutes,Unknown,3315,2024-10-04T11:30:36Z,https://www.youtube.com/watch?v=zYNiaruoXSY
ç§‹ã®æœªç¢ºèªç”Ÿç‰© / éŸ³è¡—ã‚¦ãƒŠ MMD-PV #VOCALOID #ãƒœã‚«ãƒ­ #MMD,"ä½¿ç”¨ç´ æã¯ä¸‹è¨˜ãƒªãƒ³ã‚¯ã«è¨˜è¼‰ã—ã¦ã„ã¾ã™
https://www.nicovideo.jp/watch/sm38068087",0.27 minutes,Unknown,2795,2024-09-29T01:31:28Z,https://www.youtube.com/watch?v=ckJplh24sy8
âš¡ï¸é›·é›»å°†è»ã€€å…«é‡ç¥å­ğŸ¦Šï¼ã‚¾ãƒ³ãƒ“ã€åŸç¥/MMD/Genshin impactã€‘#åŸç¥ #genshinimpact #hoyocreators #raidenshogun #yaemiko #MMD,"âš¡ï¸é›·é›»å°†è»ã€€å…«é‡ç¥å­ğŸ¦Šï¼ã‚¾ãƒ³ãƒ“ã€åŸç¥/MMD/Genshin impactã€‘
#deco27 #åˆéŸ³ãƒŸã‚¯ #kureijiollie #shorts 

â•­â”â”â”â”â”â”â”â”â”â•®
  ğŸ’– åŸç¥äº¤æ›ã‚³ãƒ¼ãƒ‰ ğŸ’–
â•°â”â”â”â”ï½–â”â”â”â”â•¯
Ë—Ë‹Ë WORF5FKC3873 ËËŠË—

ã¿ã‚“ãªã‚¢ã‚¤ãƒ†ãƒ ã‚²ãƒƒãƒˆã—ã¦ã­â£ï¸â£ï¸
ã„ã¤ã‚‚ã‚ã‚ŠãŒã¨ã†â‚â‚â½â½Ù©(áŸ¸áŸ¸â€ºá´—â€¹áŸ¸áŸ¸)Û¶â¾â¾â‚â‚ğŸ’“

ğŸ€æœ‰åŠ¹æœŸé–“ï¼š2024-08-28ã€œ2024-10-08 23:59
ğŸ€ã‚¢ã‚¤ãƒ†ãƒ å†…å®¹ï¸°å†’é™ºå®¶ã®çµŒé¨“*10,ãƒ¢ãƒ©*10000,ä»•ä¸Šã’ç”¨è‰¯é‰±*5,ã‚µã‚¦ãƒªã‚¢ãƒ³ã‚µã‚­ãƒ¥ãƒ¬ãƒ³ãƒˆ*3
ğŸ€æ³¨æ„äº‹é …ï¸°åŒã˜ã‚·ãƒªãƒ¼ã‚ºï¼ˆæœ€åˆ4æ¡ã¯åŒã˜ï¼‰ã®ã‚®ãƒ•ãƒˆã‚³ãƒ¼ãƒ‰ã¯1ã¤ã®ãƒãƒ¼ã‚¸ãƒ§ãƒ³ã§1ã¤ã®ã‚³ãƒ¼ãƒ‰ã®ã¿äº¤æ›ã§ãã¾ã™ã€‚

ã“ã“ã‹ã‚‰ã‚‚ã‚‰ãˆã‚‹ã‚ˆâ–¶ï¸ https://genshin.hoyoverse.com/m/ja/gift?code=WORF5FKC3873

ãŠå€Ÿã‚Šã—ãŸã‚‚ã®ï¼ˆæ•¬ç§°ç•¥ï¼‰

â™¡Musicï¼šDECO*27ã€ã‚¾ãƒ³ãƒ“ feat. åˆéŸ³ãƒŸã‚¯ã€
Lyrics & Music: DECO*27ï¼Arrangement: Rockwellï¼Chorus: Kureiji Ollie
â™¡Modelï¼šmiHoYo åŸç¥
â™¡Motion&Choreographyï¼ˆä¸€éƒ¨æ”¹å¤‰ï¼‰ : ã“ã£ã¡ã‚ƒ,ãƒ˜ãƒ«ã‚·ãƒ£ãƒŠ
â™¡Cameraï¼šã¾ã‹ã‚ã‚“
â™¡Effects :ãŠãŸã‚‚ã‚“,ãã‚ãã¾,ã‚µãƒ³ãƒ‰ãƒãƒ³,ã‚µãƒ³ãƒ•ãƒ©ãƒ¯ãƒ¼ãµã˜,ãã¼ã‚,ãƒãƒ³,é‡é‡‘P,ãƒ“ãƒ¼ãƒ ãƒãƒ³P,ikeno,P.I.P,rui,winglayer

ã‚ã‚ŠãŒã¨ã†ã”ã–ã„ã¾ã™â•

ğŸ’–è»¢è¼‰ç¦æ­¢
ğŸ’–Unauthorized reproduction prohibited.",0.60 minutes,Unknown,2927,2024-10-05T10:00:41Z,https://www.youtube.com/watch?v=_ff8xjJucno
ã€Genshin Impact MMD/4K/60FPSã€‘Ganyu,#åŸç¥MMD #MMD #ç”˜é›¨ #GenshinImpact #MMD #Ganyu #åŸç¥MMD #ç”˜é›¨ #ì›ì‹  #åŸç¥,0.25 minutes,Unknown,2741,2024-10-01T10:37:37Z,https://www.youtube.com/watch?v=0uYQw3zYSnk
ã€MMDãƒŠãƒ«ãƒˆNARUTOã€‘Sevdaliza - Alibi Dance. Sakura Haruno & Hinata Hyuga â€” #mmd #naruto #kunoichi #shorts,"â•­â”„â”ˆâ”„â”€â”€â”€â”€â”€â”€â”€â”€  âœ¿  â€¢

ã€ ï¼ï¼ğŸŒ¸  any of the MMD !  - : ( mikumikudance ) content I've uploaded on the YouTube side , please do not repost or reprint w / o asking behind the channel permission first ! ğŸ©·ğŸŒ¸ otherwise that being said ... If you wish to see more of these mmd edits I've edit, be sure to subscribe! ğŸ©·ğŸŒ¸ ã€‘  


Â»ğŸŒ¸ ï¼£ï½ˆï½ï½ï½ï½…ï½Œ 
ï¼¤ï½…ï½“ï½ƒï½’ï½‰ï½ï½”ï½‰ï½ï½ ï¼Â» ï¼ ï¼š  ğŸŒ¸ 
Â»The Sakudere-Chan: ã€ã‚µã‚¯ãƒ©ã€Sakudereâ€“Chanã€‚ğŸŒ¸ ( @.SakutimateChannaro ) Channel offers mainly here ! - : MMD NARUTOãƒŠãƒ«ãƒˆ videos or MMD NARUTOãƒŠãƒ«ãƒˆ short edits, as well some gameplay content I've uploaded such as Naruto: Ultimate Ninja, Clash of Ninja, and more. Â»

â€ ï¼šÂ»ï¼°ï½’ï½ï½‡ï½’ï½ï½ï½“ 
ï¼µï½“ï½ï½‡ï½… -  ! - Â» ï¼ â€ ï¼š
ã€ï¼­ï¼­ï¼¤ ï¼ ï¼­ï¼©ï¼«ï¼µï¼«ï¼µï¼­ï¼©ï¼«ï¼µï¼¤ï¼¡ï¼®ï¼£ï¼¥ - 
ï¼­ï¼­ï¼¥ ï¼¥ï¼¦ï¼¦ï¼¥ï¼£ï¼´ï¼³ ! - :  https://learnmmd.com/downloads/ 

ï¼¶ï½‰ï½„ï½…ï½ ï¼¥ï½„ï½‰ï½” ï¼ ï¼£ï½ï½ï½•ï½”. ã€‘


â€ ï¼šï½ï½ï½„ / ï½ï½‰ï½‹ï½•ï½ï½‰ï½‹ï½•ï½„ï½ï½ï½ƒï½…ï¼
 ï¼ˆ ï½ï½ï½”ï½‰ï½ï½ ï½•ï½“ï½ï½‡ï½… -  ï¼‰ã€ â€@--Mei--   ã€‘
https://youtube.com/shorts/i1XWl-Ex0ME?si=IeInZiZo_ZCnOSZs


â€ ï¼šï½ï½ï½„ / ï½ï½‰ï½‹ï½•ï½ï½‰ï½‹ï½•ï½„ï½ï½ï½ƒï½…ï¼ 
ï¼ˆ ï½ï½ï½„ï½…ï½Œ ï½•ï½“ï½ï½‡ï½… ï¼‰ã€ The Last version era!- Sakura Haruno, Hinata Hyuga ã€‘ - StekinoMai on deviantart! ASideOfChidori - MVegeta.



 â€ ï¼š ï½ï½ï½„ ï½…ï½†ï½†ï½…ï½ƒï½”ï½“ 
ï½•ï½“ï½…ï½„ ï½‚ï½™ ï½”ï½ˆï½… ï½†ï½ï½Œï½Œï½ï½—ï½‰ï½ï½‡ï¼â€“ï¼šã€ PowerShader 3.2 Toon Shader, A-screen , Colorshift , Diffusion , PowerDOF, o_SelfOverlay, o_ToneMap,  and postmovie wolfie. ã€‘



â€ ï¼šï½ï½ï½„ / ï½ï½‰ï½‹ï½•ï½ï½‰ï½‹ï½•ï½„ï½ï½ï½ƒï½…ï¼
 ï¼ˆ ï½“ï½”ï½ï½‡ï½… ï½•ï½“ï½ï½‡ï½… ï¼‰ã€MMD Stage | Practice room , ã€G_Wuuuuuå¼ã€‘stage19-ç»ƒä¹ å®¤ â€“ G_Wuuuuuã€‘


â€ ï¼šã€ ï¼³ï½ï½ƒï½‰ï½ï½Œï½“ ï¼µï½“ï½ï½‡ï½…, 
ï¼¬ï½‰ï½ï½‹ï½“ï¼ ï¼ ï¼ï¼¯ï½”ï½ˆï½…ï½’  ï½“ï½‰ï½”ï½…ï¼ ã€‘

Â»Twitter / XÂ» ! - : @.SakumatoChan
https://x.com/SakumatoChan?t=I1md73iDZ-y9pUMv_Ug3EQ&s=09

Â« Patreon Page / Creator Â» ï¼šhttps://www.patreon.com/SakuuraChan?utm_campaign=creatorshare_creator

Â« TikTok Page. Â» ï¼šhttps://www.tiktok.com/@sakutimateshannaro?_t=8priw34wG1G&_r=1


ã€ â€ ï¼š ï½ˆï½ï½“ï½ˆï½”ï½ï½‡ï½“ ï½ˆï½…ï½’ï½…ï¼ã€‘ ï¼š 

#mmd #mikumikudance #mmdshorts #3d #3dedit #3danimations #mmdã‚¦ãƒå¨˜ #mmdmotion #anime #animeedit #mmdnaruto #naruto #narutoedit #narutoshippuden #narutoshippudenedit #shippuden #shippudenedit #narutothelast #narutothelastedit #kunoichi #kunoichiedit #sakura #sakuraedit #sakuraharuno #sakuraharunoedit #harunosakuraedit #ã‚µã‚¯ãƒ© #ã‚µã‚¯ãƒ©æ˜¥é‡ #æ˜¥é‡ã‚µã‚¯ãƒ©  #hinata #hinataedit #hinatahyuga #hinatahyugaedit #hyugahinata #hyugahinataedit #ãƒ’ãƒŠã‚¿ #ãƒ’ãƒŠã‚¿æ—¥å‘ #æ—¥å‘ãƒ’ãƒŠã‚¿ #sakuhina #sakuhinaedits #sakurahinata #tiktok #tiktokshorts #tiktokdance #tiktokdancetrend #alibi #alibitrend  #alibidance #alibichallenge #Sevdaliza #SevdalizaEdit #pabllovittar #yseult #bailefunk #reggaeton #popmusic #popmusicedit #dance #dancecover #dancechallenge #dancetrend #youtubeshorts #youtubeshortsdances #shorts #shortsfeed  #animefyp #animefypã‚· #fyp  #foryou #foryoupage",0.20 minutes,Unknown,2629,2024-10-01T04:35:04Z,https://www.youtube.com/watch?v=gMb_TBUSLcg
ã€Hololive MMDã€‘æ²™èŠ±å‰ã‚¯ãƒ­ãƒ±ã€ãƒœãƒ«ãƒ†ãƒƒã‚«ãƒ¼ã€‘#ãƒœãƒ«ãƒ†ãƒƒã‚«ãƒ¼ #æ²™èŠ±å‰ã‚¯ãƒ­ãƒ±  #hololive #mmd #mmdãƒ›ãƒ­ãƒ©ã‚¤ãƒ– #vtuber,"Musicï¼šDECO*27 - ãƒœãƒ«ãƒ†ãƒƒã‚«ãƒ¼ feat. åˆéŸ³ãƒŸã‚¯
Lyricsï¼ˆæ­Œè©ï¼‰: DECO*27 / Project VOLTAGE
Stage:ä¼Šé”ã®çŠ¬
modelï¼šhololive
motion&cameraï¼šãšã„ã“ãŸ

Effect:Mashimashi/soboro/ikeno/beamman/mfakane/o_tamon/P.I.P/cellYukari/å‘‰çŸ³/less/ä¸‹ã£è…¹P",0.53 minutes,Unknown,2624,2024-10-04T11:00:02Z,https://www.youtube.com/watch?v=1wEZDuIoDIg
#vocaloid #miku #hatsunemiku #projectsekai #mmd #talkloid #fypã‚·ã‚š #idontwanttotalkaboutit #anime,,0.45 minutes,Unknown,2308,2024-10-02T07:36:05Z,https://www.youtube.com/watch?v=Gbj76ScHfA8
#hatsunemiku #vocaloid #miku #anime #talkloid #catcup #roblox #alquecreetodoleesposible #mmd #proje,,0.27 minutes,Unknown,2131,2024-10-03T14:01:51Z,https://www.youtube.com/watch?v=DgmXjzFfcHU
ã€ åŸç¥MMD ã€‘è› ã€ãƒã‚ªã€‘ #ãƒã‚ª  #mmd #åŸç¥ #è› #genshinimpact,"#ãƒã‚ª  #mmd #è›  #genshinimpact

MOTION:æœ¨æ‘ã¾ã“ã¨
é…å¸ƒå‹•ç”»
ã€MMDãƒ¢ãƒ¼ã‚·ãƒ§ãƒ³é…å¸ƒã€‘ãƒã‚ª Short ver.ã€VRoidã€‘
https://www.nicovideo.jp/watch/sm44033307


æŒ¯ä»˜ï¼šè¶³å¤ªãºã‚“ãŸ
ã€è¶³å¤ªãºã‚“ãŸã€‘ãƒã‚ªã€€è¸Šã£ã¦ã¿ãŸã€ã‚ªãƒªã‚¸ãƒŠãƒ«æŒ¯ä»˜ã€‘
https://www.nicovideo.jp/watch/sm43964898
ãƒˆãƒ¬ãƒ¼ã‚¹å…ƒï¼šhttps://youtube.com/shorts/hvhqwaRxBwE?feature=shared

æ¥½æ›²ï¼šDECO*27
DECO*27 - ãƒã‚ª feat. åˆéŸ³ãƒŸã‚¯
https://www.nicovideo.jp/watch/sm43869395

Stage:Ai
modelï¼šHoyoverse

Effect:Mashimashi/soboro/ikeno/beamman/mfakane/o_tamon/P.I.P/cellYukari/å‘‰çŸ³/less/ä¸‹ã£è…¹P",0.45 minutes,Unknown,2124,2024-10-02T10:00:29Z,https://www.youtube.com/watch?v=HS3ZlMI-ejU
éœŠå¤¢ã®ãŠé¡˜ã„ã«ã•ã™ãŒã«ç„¦ã‚‹è—  #Shorts #mmd #mmdæ±æ–¹,"åˆ¶ä½œè€…Xâ†’https://twitter.com/kawasameyun?s=09


ã„ã¾ã¾ã§ã®å‹•ç”»
ã€€ã€€ã€€ã€€ã€€ã€€ã€€ã€€ã€€ã€€ã€€ã€€ã€€
ï¼­ï¼­ï¼¤å‹•ç”»â†’https://www.youtube.com/playlist?list=PL7BunpQfwwWux0cwfjJ9d6gj14m4mV8Hs

ã‚†ã£ãã‚Šå®Ÿæ³â†’https://www.youtube.com/playlist?list=PL7BunpQfwwWvVnfSWiQSAdqollSOrb5xX

ã‚†ã£ãã‚ŠèŒ¶ç•ªåŠ‡â†’https://www.youtube.com/playlist?list=PL7BunpQfwwWvOVvzomG7xOY8dtIwlhg8p",0.98 minutes,Unknown,2050,2024-10-03T11:00:41Z,https://www.youtube.com/watch?v=eiiXhFFWIj8
Jane Doe dancing with DOODLE SONG - ZENLESS ZONE ZERO #mmd #mmdåŸç¥  #zenleszonezero  #zzzero,"Jane Doe dancing with DOODLE SONG - ZENLESS ZONE ZERO

**Credits*
3D Model : miHoYo
Shader : Zenlight
Song : doodle (Slowed) by Zachz Winner    â€¢ DOODLE - ZACHZ WINNER  
Softwere : MMD,  Adobe Premiere Pro 2024
Motion: (Motion) Doodle- Zachz Winner

Â© All rights reserved by miHoYo. Other properties belong to their respective owners

#mmd #mmdåŸç¥ #mmdç´™èŠå±… #zenleszonezero #zzzero #zenless #hoyocreators #hoyoverse",0.33 minutes,Unknown,1957,2024-10-03T21:18:40Z,https://www.youtube.com/watch?v=Q4-GFvUBqmY
[MMD] Genshin Impact-Keching & Ganyu-Wannabe dance #keqing #ganyu #genshin #genshinimpact #mmd,"Motion by Suka_g & ğŸŒˆà¸„à¹“Ñ” à¸¢à¹“à¹€ğŸ’•

Mi TikTok: 
https://www.tiktok.com/@mmd_sekai

Mi Instagram: 
https://www.instagram.com/mmd_sekai/

#keqing #keching #keqinggenshinimpact #keqingedit #ganyu #ganyugenshinimpact #ganyuedit #genshin #genshinimpact",0.27 minutes,Unknown,2306,2024-10-04T00:30:17Z,https://www.youtube.com/watch?v=_xFb3ggBTvI
ã€Hololive/ãƒ›ãƒ­ãƒ©ã‚¤ãƒ–ã€‘ã™ã„ã¡ã‚ƒã‚“ã§ #ãƒ©ãƒ“ãƒƒãƒˆãƒ›ãƒ¼ãƒ« #MMD #æ˜Ÿè¡—ã™ã„ã›ã„,"ã€Hololive/ãƒ›ãƒ­ãƒ©ã‚¤ãƒ–ã€‘ã™ã„ã¡ã‚ƒã‚“ã§ #ãƒ©ãƒ“ãƒƒãƒˆãƒ›ãƒ¼ãƒ« #MMD #æ˜Ÿè¡—ã™ã„ã›ã„

Modelï¼šTararaTarakoæ§˜, ã’ã®ã’æ§˜
æ¥½æ›²ï¼šDECO*27æ§˜ ã€Œãƒ©ãƒ“ãƒƒãƒˆãƒ›ãƒ¼ãƒ«ã€
éŸ³æºï¼šHIMEHINAæ§˜, å‘¨å¤®ã‚µãƒ³ã‚´æ§˜, æ˜Ÿå·ã‚µãƒ©æ§˜
https://www.youtube.com/watch?v=nilFlrzgeks
Motionï¼šmobiusPæ§˜ 
Cameraï¼š000MMDæ§˜
Stageï¼šã‚ãªã¦ã‚Œã•ã‚“æ§˜
Effectï¼šRuiæ§˜, ãƒ“ãƒ¼ãƒ ãƒãƒ³Pæ§˜, ãã¼ã‚æ§˜,  ãƒ‡ãƒ¼ã‚¿Pæ§˜, HariganePæ§˜",2.70 minutes,Unknown,1854,2024-10-03T10:32:48Z,https://www.youtube.com/watch?v=bbXz3Ad6c10
ã€Vtuber MMDã€‘ãƒ‘ã‚¤ãƒ‘ã‚¤ä»®é¢ã§ã©ã†ã‹ã—ã‚‰ã‚“ï¼Ÿ  è¸Šã£ã¦ã¿ãŸ by Yui Asahi #shorts  #mmd #vtuber  #ãƒ‘ã‚¤ãƒ‘ã‚¤ä»®é¢ã§ã©ã†ã‹ã—ã‚‰ã‚“ï¼Ÿ,"ãƒ¡ãƒ³ãƒãƒ¼ã‚·ãƒƒãƒ—ã¯ã“ã¡ã‚‰ã‹ã‚‰ãªã®ã§ã™ï¼ğŸ®
https://www.youtube.com/channel/UCDqZvgfaA4qBghAYwjT_nmg/join

Discord ãƒ•ã‚¡ãƒ³ã‚µãƒ¼ãƒãƒ¼ã¯ã“ã¡ã‚‰ã‹ã‚‰ãªã®ã§ã™ï¼ğŸ®
https://discord.gg/C5xQHPUQPw

â– Orijinal /å®é˜ãƒãƒªãƒ³æ§˜(@HoushouMarine)
https://youtu.be/hv2vo94FOF4?si=41A_Y8rIxJrNc2WS

â– Stage/ãƒ ã‚­ãƒ ã‚­ã®äººæ§˜
https://seiga.nicovideo.jp/seiga/im4145311

â– Shader/Ruiæ§˜
__________________________________________________
ğŸ®Twitterâ˜€ https://twitter.com/asahi___yui
ğŸ®ãƒã‚·ãƒ¥ãƒãƒ­â˜€ https://marshmallow-qa.com/asahi___yui
ğŸ®ãƒ•ã‚¡ãƒ³ã‚¢ãƒ¼ãƒˆâ˜€#ã‚ã•ã²ã‚ãƒ¼ã¨
ğŸ®ãƒ•ã‚¡ãƒ³ãƒãƒ¼ã‚¯â˜€  ğŸ®â˜€ã€€


#Vtuber #ãƒç¾è‚‰Vtuber #æ–°äººVtuber",0.27 minutes,Unknown,1695,2024-10-05T04:00:33Z,https://www.youtube.com/watch?v=ht9Sd4n8NRs
[60fps| åŸç¥MMD] Watch Me feat. é›·é›»å°†è» #genshinimpact #mmd #hoyocreators #åŸç¥ #raidenshogun #genshinedit,"ãŠå€Ÿã‚Šã—ãŸã‚‚ã®
music
TVã‚¢ãƒ‹ãƒ¡ã€2.5æ¬¡å…ƒã®èª˜æƒ‘ã€ã‚¨ãƒ³ãƒ‡ã‚£ãƒ³ã‚°ãƒ†ãƒ¼ãƒï¼šå¤©ä¹ƒãƒªãƒªã‚µï¼ˆcv.å‰ç”°ä½³ç¹”é‡Œï¼‰ãƒ»æ©˜ ç¾èŠ±è‰ï¼ˆcv.é¬¼é ­æ˜é‡Œï¼‰ã€ŒWatch Meã€
https://youtu.be/i_E6t628wPw?si=DytINKKbgC4k3FlY

motion/camera
ZaRizumuæ§˜

Stage
ä¸€è­·ç‰›ä¹³

model
miHoYo/è§‚æµ·å­/

Effects : Ruiæ§˜ , mfakaneæ§˜ , adrekiyoæ§˜, ãã¼ã‚æ§˜, ã‚»ãƒ«ã‚†ã‹ã‚Šæ§˜, P.I.Pæ§˜, ikenoæ§˜, soboroæ§˜, hariganeæ§˜, ã³ã™ã“æ§˜, Chestnutscoopæ§˜ 

End Credits:
â—†Music: ãƒ“ãƒ“ãƒ‡ãƒ / æ˜Ÿè¡—ã™ã„ã›ã„(official)
https://www.youtube.com/watch?v=8ZP5eqm4JqM
â—†Modelï¼šmiHoYo/ç¥å¸å®‡
â—†Motionï¼šæ˜Ÿè¡—ã™ã„ã›ã„, TaroÂ²
â—†Cameraï¼šæ°´ç€¬ãƒŸãƒŠ
â—†Effects :  Ruiæ§˜ , mfakaneæ§˜ , adrekiyoæ§˜, ãã¼ã‚æ§˜, ã‚»ãƒ«ã‚†ã‹ã‚Šæ§˜, P.I.Pæ§˜, ikenoæ§˜",0.70 minutes,Unknown,1031,2024-10-02T16:35:36Z,https://www.youtube.com/watch?v=aS6k_wXKeto
ã€Genshin MMDã€‘ Skirk Lumine Arlecchino ãƒ€ã‚¹ãƒˆãƒ€ãƒ³ã‚¹ #genshinimpact #mmd #shorts #skirk #lumine #arlecchino,"ğŸš« DO NOT REUPLOAD AND EDIT!!!!!! ğŸš«â„ If you like, plsã€ŒLikeğŸ‘ã€and [Subscribe]
Thanks for watching  â™ª  (Â´â–½ï½€)

Subscribe :  https://youtube.com/@nineev?si=2YgkqOmu1aAoy_e4 

====================================
Twitter        : https://twitter.com/nineee_v
Instagram  : https://www.instagram.com/niineevv/
Discord       : https://discord.gg/67tyY5DaSM
====================================
Support me 
Patreon   : https://www.patreon.com/NineV
Saweria   : https://saweria.co/ninev
Trakteer   : https://trakteer.id/NineV/tip
====================================",0.27 minutes,Unknown,998,2024-10-04T10:00:02Z,https://www.youtube.com/watch?v=084432CeMws
[60fps| åŸç¥MMD] Watch Me feat. ãƒ•ãƒªãƒ¼ãƒŠ #genshinimpact #mmd #hoyocreators #åŸç¥ #furina #genshinedit,"ãŠå€Ÿã‚Šã—ãŸã‚‚ã®
music
TVã‚¢ãƒ‹ãƒ¡ã€2.5æ¬¡å…ƒã®èª˜æƒ‘ã€ã‚¨ãƒ³ãƒ‡ã‚£ãƒ³ã‚°ãƒ†ãƒ¼ãƒï¼šå¤©ä¹ƒãƒªãƒªã‚µï¼ˆcv.å‰ç”°ä½³ç¹”é‡Œï¼‰ãƒ»æ©˜ ç¾èŠ±è‰ï¼ˆcv.é¬¼é ­æ˜é‡Œï¼‰ã€ŒWatch Meã€
https://youtu.be/i_E6t628wPw?si=DytINKKbgC4k3FlY

motion/camera
ZaRizumuæ§˜

Stage
kotami cafe

model
miHoYo/è§‚æµ·å­/

Effects : Ruiæ§˜ , mfakaneæ§˜ , adrekiyoæ§˜, ãã¼ã‚æ§˜, ã‚»ãƒ«ã‚†ã‹ã‚Šæ§˜, P.I.Pæ§˜, ikenoæ§˜, soboroæ§˜, hariganeæ§˜, ã³ã™ã“æ§˜, Chestnutscoopæ§˜ 

End Credits:
â—†Music: ãƒ“ãƒ“ãƒ‡ãƒ / æ˜Ÿè¡—ã™ã„ã›ã„(official)
https://www.youtube.com/watch?v=8ZP5eqm4JqM
â—†Modelï¼šmiHoYo/ç¥å¸å®‡
â—†Motionï¼šæ˜Ÿè¡—ã™ã„ã›ã„, TaroÂ²
â—†Cameraï¼šæ°´ç€¬ãƒŸãƒŠ
â—†Effects :  Ruiæ§˜ , mfakaneæ§˜ , adrekiyoæ§˜, ãã¼ã‚æ§˜, ã‚»ãƒ«ã‚†ã‹ã‚Šæ§˜, P.I.Pæ§˜, ikenoæ§˜",0.70 minutes,Unknown,930,2024-10-04T16:00:31Z,https://www.youtube.com/watch?v=lUS601kb7ZE
ï¼»MMDï¼½Doodle Dance - SvartLilja #mmd #mmdshorts,"Motion / @mikuqueen01
SFW ONLY

#ã‚¹ãƒ´ã‚¡ãƒ«ãƒˆãƒªãƒªãƒ¤",0.23 minutes,Unknown,920,2024-10-03T03:43:27Z,https://www.youtube.com/watch?v=zXsNXyW8lgg
[60fps| åŸç¥MMD] Doodle feat. ã‚¯ãƒ­ãƒªãƒ³ãƒ‡ #genshinimpact #mmd #hoyocreators #åŸç¥ #clorinde #genshinedit,"ãŠå€Ÿã‚Šã—ãŸã‚‚ã®
music
doodle Â· Zachz Winner

motion/camera
mikuqueenæ§˜

Stage
kotami cafe

model
miHoYo/è§‚æµ·å­/

Effects : Ruiæ§˜ , mfakaneæ§˜ , adrekiyoæ§˜, ãã¼ã‚æ§˜, ã‚»ãƒ«ã‚†ã‹ã‚Šæ§˜, P.I.Pæ§˜, ikenoæ§˜, soboroæ§˜, hariganeæ§˜, ã³ã™ã“æ§˜, Chestnutscoopæ§˜ 

End Credits:
â—†Music: ãƒ“ãƒ“ãƒ‡ãƒ / æ˜Ÿè¡—ã™ã„ã›ã„(official)
https://www.youtube.com/watch?v=8ZP5eqm4JqM
â—†Modelï¼šmiHoYo/ç¥å¸å®‡
â—†Motionï¼šæ˜Ÿè¡—ã™ã„ã›ã„, TaroÂ²
â—†Cameraï¼šæ°´ç€¬ãƒŸãƒŠ
â—†Effects :  Ruiæ§˜ , mfakaneæ§˜ , adrekiyoæ§˜, ãã¼ã‚æ§˜, ã‚»ãƒ«ã‚†ã‹ã‚Šæ§˜, P.I.Pæ§˜, ikenoæ§˜",0.82 minutes,Unknown,540,2024-10-04T06:00:07Z,https://www.youtube.com/watch?v=bYopV7C1evI
[60fps| ã‚¹ã‚¿ãƒ¼ãƒ¬ã‚¤ãƒ«MMD] Doodle feat. é›²ç’ƒ #honkaistarrail #mmd #hoyocreators #hsr #yunli #hsredit,"ãŠå€Ÿã‚Šã—ãŸã‚‚ã®
music
doodle Â· Zachz Winner

motion/camera
mikuqueenæ§˜

Stage
kotami cafe

model
miHoYo/è§‚æµ·å­/

Effects : Ruiæ§˜ , mfakaneæ§˜ , adrekiyoæ§˜, ãã¼ã‚æ§˜, ã‚»ãƒ«ã‚†ã‹ã‚Šæ§˜, P.I.Pæ§˜, ikenoæ§˜, soboroæ§˜, hariganeæ§˜, ã³ã™ã“æ§˜, Chestnutscoopæ§˜ 

End Credits:
â—†Music: ãƒ“ãƒ“ãƒ‡ãƒ / æ˜Ÿè¡—ã™ã„ã›ã„(official)
https://www.youtube.com/watch?v=8ZP5eqm4JqM
â—†Modelï¼šmiHoYo/ç¥å¸å®‡
â—†Motionï¼šæ˜Ÿè¡—ã™ã„ã›ã„, TaroÂ²
â—†Cameraï¼šæ°´ç€¬ãƒŸãƒŠ
â—†Effects :  Ruiæ§˜ , mfakaneæ§˜ , adrekiyoæ§˜, ãã¼ã‚æ§˜, ã‚»ãƒ«ã‚†ã‹ã‚Šæ§˜, P.I.Pæ§˜, ikenoæ§˜",0.67 minutes,Unknown,532,2024-10-04T06:00:26Z,https://www.youtube.com/watch?v=EE3E5UH0ES8
[60fps| åŸç¥MMD] Doodle feat. å…«é‡ç¥å­ #genshinimpact #mmd #hoyocreators #åŸç¥ #yaemiko #genshinedit,"ãŠå€Ÿã‚Šã—ãŸã‚‚ã®
music
doodle Â· Zachz Winner

motion/camera
mikuqueenæ§˜

Stage
kotami cafe

model
miHoYo/è§‚æµ·å­/

Effects : Ruiæ§˜ , mfakaneæ§˜ , adrekiyoæ§˜, ãã¼ã‚æ§˜, ã‚»ãƒ«ã‚†ã‹ã‚Šæ§˜, P.I.Pæ§˜, ikenoæ§˜, soboroæ§˜, hariganeæ§˜, ã³ã™ã“æ§˜, Chestnutscoopæ§˜ 

End Credits:
â—†Music: ãƒ“ãƒ“ãƒ‡ãƒ / æ˜Ÿè¡—ã™ã„ã›ã„(official)
https://www.youtube.com/watch?v=8ZP5eqm4JqM
â—†Modelï¼šmiHoYo/ç¥å¸å®‡
â—†Motionï¼šæ˜Ÿè¡—ã™ã„ã›ã„, TaroÂ²
â—†Cameraï¼šæ°´ç€¬ãƒŸãƒŠ
â—†Effects :  Ruiæ§˜ , mfakaneæ§˜ , adrekiyoæ§˜, ãã¼ã‚æ§˜, ã‚»ãƒ«ã‚†ã‹ã‚Šæ§˜, P.I.Pæ§˜, ikenoæ§˜",0.67 minutes,Unknown,467,2024-10-05T06:00:20Z,https://www.youtube.com/watch?v=-4e2P_KCXaM
ã•ãã‚‰ã‚“ã¼ãƒ¡ãƒƒã‚»ãƒ¼ã‚¸ / æ«»å·«å¥³ã€Hololive MMDã€‘#ã•ãã‚‰ã¿ã“ #ã•ãã‚‰ã‚“ã¼ãƒ¡ãƒƒã‚»ãƒ¼ã‚¸ #hololive #mmd #shorts,"ã•ãã‚‰ã‚“ã¼ãƒ¡ãƒƒã‚»ãƒ¼ã‚¸ / æ«»å·«å¥³ã€Hololive MMDã€‘#ã•ãã‚‰ã¿ã“ #ã•ãã‚‰ã‚“ã¼ãƒ¡ãƒƒã‚»ãƒ¼ã‚¸ #hololive #mmd #shorts 

ğŸ’¾ ï¿¤MMD Source
ï¿£ï¿£ï¿£ï¿£ï¿£ï¿£ï¿£ï¿£ï¿£ï¿£ï¿£ï¿£ï¿£ï¿£ï¿£ï¿£ï¿£ï¿£ï¿£ï¿£ï¿£ï¿£ï¿£ï¿£ï¿£ï¿£ï¿£
Modelï¼šÂ© 2016 COVER Corp.
Stageï¼šè’¼ã™ãšã‚
Motionï¼šÂ© 2016 COVER Corp.
Effectï¼šé‡é‡‘P, ãã¼ã‚, ikeno, ã¾ã—ã¾ã—, P.I.P, ãƒŸãƒ¼ãƒ•ã‚©èŒœ, è§’ç ‚ç³–
Music : ã•ãã‚‰ã‚“ã¼ãƒ¡ãƒƒã‚»ãƒ¼ã‚¸ / ã•ãã‚‰ã¿ã“ (official)
https://www.youtube.com/watch?v=2dkJB8a201s

ğŸ” ï¿¤Hash Tag
ï¿£ï¿£ï¿£ï¿£ï¿£ï¿£ï¿£ï¿£ï¿£ï¿£ï¿£ï¿£ï¿£ï¿£ï¿£ï¿£ï¿£ï¿£ï¿£ï¿£ï¿£ï¿£ï¿£ï¿£ï¿£ï¿£ï¿£
#ã•ãã‚‰ã¿ã“ #ã•ãã‚‰ã‚“ã¼ãƒ¡ãƒƒã‚»ãƒ¼ã‚¸
#ã•ãã‚‰ã¿ã“ #sakuramiko #æ«»å·«å¥³ #35 #miko #ã¿ã“ã¡
#vtuber #hololive #mmd #ãƒ›ãƒ­ãƒ©ã‚¤ãƒ–
ï¿£ï¿£ï¿£ï¿£ï¿£ï¿£ï¿£ï¿£ï¿£ï¿£ï¿£ï¿£ï¿£ï¿£ï¿£ï¿£ï¿£ï¿£ï¿£ï¿£ï¿£ï¿£ï¿£ï¿£ï¿£ï¿£ï¿£",0.37 minutes,Unknown,638,2024-10-05T06:10:55Z,https://www.youtube.com/watch?v=guykn1cNqkE
Lumine doodleã€Genshin impact MMDã€‘#shorts #mmd #è§ #lumine #è› #ã»ãŸã‚‹ #genshinimpact #åŸç¥,"Lumine doodleã€Genshin impact MMDã€‘
Thank all the creators
Modelï¼šmiHoYo/è§‚æµ·
Motionï¼šmikuqueen
Effectï¼šå°äºŒä»Šå¤©åƒå•¥å•Š",0.22 minutes,Unknown,993,2024-10-04T10:06:45Z,https://www.youtube.com/watch?v=ivU_mLToMU8
æ˜Ÿè¡—ã™ã„ã›ã„ summertime #è¸Šã£ã¦ã¿ãŸ #mmd #anime #vtuber #shorts #æ˜Ÿè¡—ã™ã„ã›ã„ #ã»ã—ã¾ã¡ãã‚ƒã‚‰ã‚Šãƒ¼,,0.48 minutes,Unknown,650,2024-10-05T23:07:23Z,https://www.youtube.com/watch?v=cHzwAJa7hyM
ã€Genshin Impact MMD/4K/60FPSã€‘Ganyu Vanitosa Dance,#åŸç¥MMD #MMD #ç”˜é›¨ #GenshinImpact #MMD #Ganyu #åŸç¥MMD #ç”˜é›¨ #ì›ì‹  #åŸç¥,0.22 minutes,Unknown,2970,2024-10-06T06:23:54Z,https://www.youtube.com/watch?v=bXQH_hr3HqA
#hatsunemiku #vocaloid #miku #mmd #meloloid #talkloid,,0.37 minutes,Unknown,340,2024-10-06T01:27:05Z,https://www.youtube.com/watch?v=yTLSHRCg600
#hatsunemiku #projectsekai #anime #mmd #talkloid,,0.45 minutes,Unknown,673,2024-10-06T00:38:05Z,https://www.youtube.com/watch?v=IRUeEcWjp10
[60fps| ã‚¹ã‚¿ãƒ¼ãƒ¬ã‚¤ãƒ«MMD] Doodle feat. ãƒ­ãƒ“ãƒ³ #honkaistarrail #mmd #hoyocreators #hsr #robin #hsredit,"ãŠå€Ÿã‚Šã—ãŸã‚‚ã®
music
doodle Â· Zachz Winner

motion/camera
mikuqueenæ§˜

Stage
kotami cafe

model
miHoYo/è§‚æµ·å­/

Effects : Ruiæ§˜ , mfakaneæ§˜ , adrekiyoæ§˜, ãã¼ã‚æ§˜, ã‚»ãƒ«ã‚†ã‹ã‚Šæ§˜, P.I.Pæ§˜, ikenoæ§˜, soboroæ§˜, hariganeæ§˜, ã³ã™ã“æ§˜, Chestnutscoopæ§˜ 

End Credits:
â—†Music: ãƒ“ãƒ“ãƒ‡ãƒ / æ˜Ÿè¡—ã™ã„ã›ã„(official)
https://www.youtube.com/watch?v=8ZP5eqm4JqM
â—†Modelï¼šmiHoYo/ç¥å¸å®‡
â—†Motionï¼šæ˜Ÿè¡—ã™ã„ã›ã„, TaroÂ²
â—†Cameraï¼šæ°´ç€¬ãƒŸãƒŠ
â—†Effects :  Ruiæ§˜ , mfakaneæ§˜ , adrekiyoæ§˜, ãã¼ã‚æ§˜, ã‚»ãƒ«ã‚†ã‹ã‚Šæ§˜, P.I.Pæ§˜, ikenoæ§˜",0.67 minutes,Unknown,228,2024-10-06T06:00:31Z,https://www.youtube.com/watch?v=0BLxMmjr1bg
iDolm@ster Model + Shader in MMD Commision (Shimamura Uzuki) Edition #mmd #mikumikudance,,0.20 minutes,Unknown,207,2024-10-04T14:50:30Z,https://www.youtube.com/watch?v=hhDev0OBOvA
This toaster is....Broken #vocaloid #hatsunemiku #miku #projectsekai #anime #mmd,,0.45 minutes,Unknown,8,2024-10-03T19:53:36Z,https://www.youtube.com/watch?v=0J5_c0XQCdY
MMD Anime dance TOCA TOCA TOCA #mikumikudance #mmd #tocatoca,,0.32 minutes,Unknown,16,2024-10-04T13:30:23Z,https://www.youtube.com/watch?v=ZHSjVX4bXeE
#honkaistarrail #mmd #hoyoverse,,0.20 minutes,Unknown,1,2024-10-03T16:56:53Z,https://www.youtube.com/watch?v=U1c-FvrIAkI